labels,predictions
6.5 kilogram,10 lbs
96.0 watt,0. 5
230.0 millimetre,10 inches
10.0 centimetre,6 inches
60.0 watt,120
13.5 centimetre,6 inches
24.0 centimetre,10 inches
1.42 inch,6 inches
35 gram,10 lbs
59.0 centimetre,10 inches
701.0 ounce,heavy
4.23 fluid ounce,10 oz
4.5 pound,10 lbs
76.5 millimetre,6 inches
16.73 inch,6 inches
10.3 inch,10 inches
320.0 gram,300 lbs
11.5 centimetre,6 feet
2.55 inch,6 feet
1000.0 milligram,10 oz
11.5 centimetre,6 feet
3.5 inch,6 inches
330.0 pound,200 lbs
17.0 centimetre,6 inches
57.0 gram,1. 5 kg
30.0 centimetre,6 inches
28.0 centimetre,5 feet
50.7 pound,10 lbs
11.2 inch,6 inches
7.14 gram,10 lbs
300.0 gram,10 lbs
16.0 centimetre,6 inches
29.5 centimetre,6 inches
4.5 inch,12 inches
400.0 millimetre,10 feet
9.0 inch,10 inches
36 gram,80 lbs
1000.0 gram,10 lbs
6.5 centimetre,10 inches
5.0 volt,0
20.0 centimetre,10 feet
"[175.0, 265.0] volt",1. 5
9.8 inch,15 feet
20.0 centimetre,10 inches
110.0 centimetre,12 inches
50.0 milligram,1. 5 lbs
5.0 volt,0
1.0 gram,200 lbs
20.0 centimetre,6 inches
5.0 inch,6 inches
42 gram,10 lbs
5 gram,10 oz
6.0 millimetre,3 feet
21.0 millimetre,12 inches
1.5 kilogram,100 pounds
20 gram,100 lbs
250.0 gram,1. 5 lbs
42.0 centimetre,6 inches
16.0 centimetre,6 feet
330.0 gram,10 oz
12.0 centimetre,6 inches
25.1 inch,15 inches
5.0 watt,1. 5
12.0 inch,6 inches
16.0 ounce,100 lbs
120.0 millilitre,10 oz
30 pound,100 pounds
25.0 millilitre,10
4.5 centimetre,6 inches
0.33 kilogram,100 lbs
9 gram,100 pounds
23.0 inch,6 inches
"[5.5, 12.0] volt",1. 5
5.2 inch,6 inches
100.0 centimetre,10 feet
1.0 millilitre,1
17.7 inch,12 inches
1.0 kilogram,10 lbs
1.0 kilogram,10 lbs
40.0 centimetre,12 inches
1.18 inch,3 feet
5.5 centimetre,6 inches
100.0 gram,100 lbs
100 gram,10 oz
20.0 centimetre,6 inches
27 kilogram,10 lbs
290.0 millimetre,10 inches
8.0 ounce,100 lbs
0.9 inch,6 inches
200.0 gram,10 oz
24.0 millimetre,6 inches
10.0 gram,10 oz
44.0 pound,heavy
15 gram,10 lbs
14.0 centimetre,10 inches
200.0 millimetre,3 feet
1.08 ounce,10 oz
5.0 volt,0
11.5 centimetre,6 inches
20.0 volt,1. 5
10.7 gram,10 pounds
50.0 centimetre,10 inches
25.0 gram,10 lbs
3.74 inch,5 feet
100.0 gram,10 oz
45.0 centimetre,10 feet
8.0 inch,6 inches
3.5 ounce,10 lbs
1.0 litre,2
26.0 centimetre,6 inches
100.0 gram,100 lbs
390.0 millimetre,10 feet
340.0 gram,10 lbs
14.0 inch,12 inches
24.0 millimetre,10 inches
81.5 centimetre,3 feet
1.27 ounce,10 oz
30.5 centimetre,it ' s drawing
120.0 centimetre,10 feet
455.0 millimetre,6 inches
1.0 litre,10 oz
265.0 millimetre,6 inches
5000.0 microgram,500 lbs
18.2 centimetre,6 inches
12.0 inch,12 inches
90.0 centimetre,10 inches
36.0 millimetre,6 inches
3 kilogram,100 lbs
400.0 millimetre,6 inches
40.0 watt,10000
13.5 centimetre,6 inches
12.0 volt,0
250 gram,250 ml
40.0 centimetre,6 inches
5.0 centimetre,6 inches
780.0 millimetre,10 feet
"[220.0, 240.0] volt",0
5.0 watt,25 mpg
4.33 inch,6 inches
4.5 centimetre,6 inches
22.5 centimetre,12 inches
2009.0 microgram,10 lbs
500 gram,10 lbs
27.5 centimetre,6 inches
250.0 watt,250
5.0 volt,1. 5
4.3 gram,10 pounds
2.0 gram,10 lbs
10.0 gram,10 lbs
19.0 centimetre,10 inches
400.0 gram,10 lbs
240.0 millimetre,6 inches
11.75 inch,12 inches
200 gram,1. 5 lbs
75.0 pound,200 lbs
23.0 centimetre,6 inches
5000.0 milligram,100 pounds
263.0 gram,100 lbs
0.5 volt,0
12.5 litre,15
100 gram,100 lbs
2.02 pound,10 oz
5.0 centimetre,10 inches
6.0 centimetre,3 feet
3.7 inch,6 inches
24.5 centimetre,6 feet
5.0 volt,10 volt
245.0 millimetre,4 feet
13.4 inch,12 inches
240.0 millimetre,6 inches
54 gram,10 lbs
7.4 inch,6 inches
12.0 inch,6 inches
10.0 watt,1. 5
150 gram,10 oz
35.43 inch,10 feet
2300.0 gram,200 lbs
5.57 ounce,50 pounds
58.0 centimetre,10 feet
5.0 gram,100 pounds
470.0 millimetre,10 inches
22.0 centimetre,6 inches
1000.0 gram,100 pounds
14.0 centimetre,10 inches
14.0 inch,6 inches
3.3 inch,12 inches
72.0 inch,10 feet
4.5 kilogram,10 lbs
15.0 inch,6 inches
26.9 centimetre,6 inches
260.0 millimetre,4 feet
70.0 centimetre,6 inches
14 gram,10 lbs
2.8 inch,6 inches
708.0 gram,10 lbs
58.0 centimetre,10 feet
4.5 watt,100
8.0 inch,6 inches
188.0 millimetre,15 inches
45.0 centimetre,6 inches
660.0 watt,100w
2.71 inch,12 inches
55.0 gram,55 pounds
650.0 gram,50 lbs
405.0 gram,10 lbs
10.6 centimetre,6 inches
80.0 centimetre,10 feet
3.52 ounce,100 lbs
10.0 gram,10 pounds
22.0 centimetre,6 inches
10.12 inch,10 feet
500.0 gram,heavy
6.6 centimetre,6 inches
15.0 centimetre,12 inches
19.0 inch,6 inches
340.0 gram,10 lbs
159.8 millimetre,6 inches
2.75 gram,25 pounds
600.0 milligram,100 pounds
10.0 gram,100 lbs
30.0 centimetre,6 inches
7.0 centimetre,8 inches
100.0 gram,10 lbs
400.0 ounce,500 lbs
500.0 gram,100 lbs
100.0 watt,4
120.0 gram,100 lbs
13.0 centimetre,6 inches
26.0 inch,6 inches
11.8 inch,12 inches
20.5 centimetre,6 inches
6700.0 milligram,10 lbs
200 gram,20 lbs
120.0 centimetre,6 inches
21.0 centimetre,12 inches
5.9 centimetre,6 feet
10.2 inch,6 inches
250.0 millilitre,25
31.0 centimetre,6 inches
40.0 centimetre,6 inches
8.0 pound,100 lbs
9.7 centimetre,6 inches
10.5 centimetre,6 inches
6.5 inch,6 inches
500.0 gram,10 lbs
324.0 millimetre,6 inches
2.0 pound,10 lbs
8.0 inch,2 feet
98.0 centimetre,6 inches
3.5 centimetre,6 inches
65.0 centimetre,10 inches
17.0 inch,12 inches
1.37 inch,6 inches
120.0 gram,10 oz
35.0 watt,500w
48.0 centimetre,6 inches
269.0 centimetre,10 feet
100.0 gram,100
24.0 inch,6 inches
50.0 millimetre,6 feet
6.0 inch,6 inches
300.0 milligram,10 oz
30.0 centimetre,6 feet
82.6 inch,6 feet
60.0 centimetre,8 feet
157 gram,100 lbs
3.5 inch,6 inches
50.0 centimetre,10 inches
4.0 ounce,12 oz
230.0 millimetre,6 inches
2.47 ounce,10 lbs
220.0 volt,0
700.0 microgram,10 lbs
0.82 inch,10 feet
36.0 volt,100 mph
50.0 centimetre,10 inches
22.0 centimetre,6 inches
32.0 centimetre,6 inches
140.0 centimetre,6 inches
31.7 gram,100 pounds
12.8 inch,10 feet
10.582 ounce,10 lbs
4.0 fluid ounce,10 oz
12.6 inch,6 inches
8.0 centimetre,6 inches
200 gram,10 lbs
16.5 centimetre,6 inches
25 gram,10 oz
14.5 centimetre,12 inches
12 kilogram to 25 kilogram,10 lbs
1.8 inch,2 feet
65.5 centimetre,6 feet
27.6 inch,6 inches
57.3 centimetre,10 feet
665.0 gram,25 cm
2.0 gram,200 lbs
4.0 gram,100 pounds
3.5 inch,6 inches
2.68 metre,10 feet
2.0 inch,6 inches
20.5 centimetre,5 inches
22.5 centimetre,10 inches
190.0 ton,100 lbs
2.0 millilitre,10
48.0 volt,450w
3.0 gram,10 lbs
7.0 centimetre,12 inches
1000 gram,10 lbs
1000.0 milligram,1. 5 lbs
14.0 quart,11
12.0 watt,1500
14.0 centimetre,12 inches
100.0 gram,10 lbs
51310.0 gram,100 pounds
150.0 gram,10 lbs
80.0 centimetre,10 inches
770.0 gram,70
8.5 inch,6 inches
6.75 inch,6 inches
60.96 centimetre,6 inches
4.7 inch,6 feet
3.0 ton,10 lbs
17.0 pound,100 lbs
200.0 centimetre,6 inches
250.0 millilitre,10 ounces
7.0 ounce,10 lbs
246.0 centimetre,tall
9.4 inch,8 feet
16.0 inch,10 inches
437.0 millimetre,6 inches
150.0 centimetre,15 inches
160.0 centimetre,6 inches
1.0 centimetre,2 feet
76.0 millimetre,6 inches
260.0 gram,200 lbs
16.0 inch,6 inches
0.7 millilitre,15
142.0 gram,10 lbs
30.0 centimetre,10 inches
42.0 millimetre,12 inches
285.0 millimetre,4 feet
14.0 centimetre,6 feet
3.0 gram,10 lbs
8.6 inch,6 inches
39.2 inch,6 inches
35.0 centimetre,10 feet
69.0 watt,1. 5
129.0 gram,10 lbs
2.0 gram,100 lbs
18.5 gram,15 cm
20.0 volt,0
1.06 ounce,10 lbs
23.8 centimetre,10 feet
4.5 centimetre,12 inches
150.0 gram,10 lbs
3000.0 gram,10 lbs
1.3 kilogram,2 tons
14.0 metre,6 inches
317.0 millimetre,6 inches
34.0 centimetre,10 feet
20624.0 watt,10. 5
13.0 centimetre,6 inches
125.0 gram,10 oz
4.0 kilogram,4. 5 kg
313.0 gram,1. 5 lbs
70.0 millimetre,6 inches
120.0 kilogram,100 pounds
5.0 inch,5 feet
21.0 centimetre,12 inches
1 pound,100 lbs
0.7 kilogram,10 lbs
60.0 quart,10 oz
33.0 centimetre,3 feet
24.01 inch,12 inches
10.0 kilogram,10 oz
9.5 inch,8 feet
230.0 volt,0
4.0 inch,6 inches
40.0 watt,2000
75 gram,1. 5 lbs
76.0 millimetre,6 inches
2.36 inch,10 inches
180.0 gram,1. 5 lbs
1.2 inch,6 inches
31.0 volt,10 volt
24.0 volt,2. 5
10.0 kilogram,10 lbs
220.0 gram,300 lbs
1.5 kilogram,10 lbs
37.0 gram,10 pounds
3.81 centimetre,6 inches
1000.0 gram,10 oz
32.0 centimetre,6 inches
4.0 gram,40 lbs
28.0 centimetre,6 inches
30.0 ton,30 lbs
14.7 inch,10 inches
85.0 centimetre,10 feet
18.0 inch,8 inches
51.5 centimetre,6 inches
130.0 millimetre,10 feet
35.0 gram,100 lbs
220.0 gram,200 lbs
800 milligram,5 pounds
50 gram,1. 5 lbs
20.0 watt,20 mpg
8.0 inch,12 inches
150.0 millimetre,15 inches
21.5 centimetre,10 inches
3.0 pound,10 lbs
120.0 volt,1. 5
48.0 centimetre,4 feet
3.0 kilogram,100 lbs
7.5 centimetre,6 inches
20.0 kilogram,10 lbs
1.0 inch,6 feet
150.0 kilogram,150 lbs
3.5 gram,5 pounds
5 gram,10 lbs
4.0 gram,10 lbs
19.6 inch,6 inches
2.13 inch,10x10 inches
230.0 volt,0
25.0 millimetre,6 inches
1.0 pint,2
100.0 gram,0
80.0 gram,10 lbs
105 kilogram,100 lbs
4.0 inch,6 inches
35.0 millimetre,6 inches
6.0 fluid ounce,1. 5
14.5 centimetre,6 inches
20.0 gram,10 lbs
10 gram,10 lbs
21.2 ounce,200 lbs
16.2 centimetre,6 inches
100.0 gram,1. 5 lbs
7.0 ounce,0
300.0 centimetre,6 inches
68.0 inch,6 inches
5.0 gram,1. 5 kg
12.5 centimetre,10 feet
100.0 milligram,100 lbs
108.0 millimetre,10 inches
70.0 kilogram,200 lbs
11.4 inch,12 inches
"[110.0, 240.0] volt",100w
38.0 centimetre,6 inches
1000 gram,10 lbs
5.0 foot,6 inches
9.2 inch,6 inches
24.0 centimetre,10 feet
45.0 gram,10 lbs
250 gram,10 oz
13.0 centimetre,6 feet
95.0 centimetre,12 inches
30.0 inch,10 inches
6.9 centimetre,6 inches
140.0 millimetre,6 inches
11.5 inch,6 inches
200.0 pound,200 lbs
11.25 kilogram,100 lbs
60.0 watt,120v
50.0 ton,200 lbs
10.0 millilitre,10 oz
180.0 centimetre,10 feet
15.0 centimetre,6 inches
42.0 millimetre,10 feet
23.6 centimetre,6 inches
"[85.0, 265.0] volt",1. 5
7.8 gram,10 oz
9.2 foot,10 feet
20.0 centimetre,12 inches
12.0 ounce,10 lbs
100.0 gram,10 lbs
5.3 inch,10 inches
11.8 centimetre,12 inches
130.0 gram,10 pounds
10.0 watt,10. 5
87.0 gram,10 inches
9.0 gram,100 pounds
"[220.0, 240.0] volt",1. 5
4.5 ounce,10 oz
169.7 gram,12 ounces
112.0 kilogram,200 lbs
24.0 cubic inch,25
4.0 inch,6 inches
170.0 millimetre,10 inches
0.29 kilogram,12 inches
75 gram,10 lbs
2.2 pound,100 lbs
2.17 inch,6 inches
280.0 gram,10 oz
7.5 centimetre,6 inches
270 gram,200 lbs
18.0 inch,6 inches
200.0 centimetre,6 inches
12.0 inch,6 inches
177.0 gram,1 pound
16.0 inch,3 feet
500.0 milligram,100 pounds
130.0 centimetre,10 inches
175.0 millimetre,4 feet
16.5 inch,6 inches
70.0 millimetre,10 inches
0.24 kilogram,10 lbs
"[2000.0, 2006.0] gram",100 lbs
1000.0 milligram,10 oz
14.57 inch,10 inches
16.0 millimetre,6 inches
220.0 centimetre,6 inches
28.3 inch,6 inches
25.0 gram,10 lbs
38.0 centimetre,6 inches
220.0 volt,0
21.0 ounce,10 oz
24.0 watt,18 inches
165.0 gram,10 pounds
38.0 millimetre,3 feet
44.0 gram,10 lbs
20.0 millimetre,6 inches
120.0 volt,12 volt
5.0 centimetre,6 inches
11 gram,11 inches
8.5 centimetre,6 inches
16.0 centimetre,6 inches
33.0 inch,10 feet
17.0 centimetre,10 inches
3.4 inch,6 inches
29.7 centimetre,6 inches
2.4 gram,10 lbs
80 gram,10 lbs
16.0 centimetre,12 inches
81.0 milligram,80 lbs
35.0 inch,10 inches
50.0 gram,500 lbs
120.0 centimetre,10 inches
240.0 millimetre,6 feet
900 pound,100 lbs
230.0 volt,400w
11.0 centimetre,6 inches
5.0 foot,12 inches
115.0 centimetre,6 inches
0.8 ton,10 lbs
27.0 inch,5 feet
12.0 inch,6 inches
27.0 centimetre,12 inches
1.76 inch,6 inches
365.0 gram,100 lbs
73.0 watt,10. 5
10.1 inch,6 inches
2.0 fluid ounce,2
9.0 centimetre,12 inches
127.0 millimetre,10 feet
9.5 gram,100 pounds
1 kilogram,100 lbs
15.0 centimetre,6 inches
32.5 gram,3. 5 kg
10.16 millimetre,10 feet
17.0 centimetre,6 inches
130.0 millimetre,6 inches
19.5 centimetre,6 inches
24.0 inch,10 feet
"[50.0, 90.0] pound",200 lbs
2.7 gram,10 lbs
500.0 gram,1. 5 lbs
8.5 centimetre,6 inches
20.0 inch,10 inches
11.0 centimetre,6 inches
50 kilogram,500 lbs
300 gram,100 lbs
8.2 inch,6 inches
16.0 inch,10 inches
200.0 gram,10 oz
100 gram,1. 5 kg
10.0 centimetre,10 inches
60.0 centimetre,10 feet
18.5 inch,6 inches
1.0 ounce,10 lbs
120.0 kilogram,200 lbs
6.0 inch,6 inches
81.5 inch,6 inches
132.2 pound,3. 5 feet
120.0 volt,1. 5
100.0 gram,10 lbs
50.0 millimetre,2 feet
14.9 inch,12 inches
"[5.0, 13.0] kilogram",10 lbs
7.5 inch,12 inches
18.0 centimetre,10 feet
5.0 inch,6 inches
2000.0 milligram,60 lbs
22.2 millimetre,6 inches
4.5 inch,4 feet
40.0 centimetre,6 inches
50.0 centimetre,6 inches
2.8 centimetre,3 inches
35.0 centimetre,6 inches
36 kilogram,10 lbs
12.5 centimetre,10 inches
300.0 millilitre,10
2.8 gram,25 pounds
3.07 inch,6 inches
10.0 gram,20 lbs
15.0 gram,1. 5 lbs
30.0 centimetre,3 feet
393.7 inch,6 inches
66.0 centimetre,6 inches
5.0 centimetre,1 foot
74.0 gram,6 oz
50.0 gram,500 lbs
50 gram,100 lbs
25.5 centimetre,10 feet
15.0 inch,10 feet
8.27 inch,6 inches
18.0 centimetre,3 feet
18.0 centimetre,10 inches
0.5 ounce,100 lbs
45.3 inch,10 feet
1.5 gram,0
8.8 ounce,100 lbs
17.5 inch,6 inches
300 gram,10 lbs
29.5 inch,10 feet
5.0 centimetre,10 inches
25.0 centimetre,6 inches
22.5 centimetre,10 inches
250.0 millilitre,10 oz
150.0 centimetre,10 inches
8.5 inch,6 inches
22.0 inch,10 feet
65.6 gram,100 lbs
75.0 gram,10 oz
3875.0 milligram,100 lbs
8.27 inch,6 inches
210.0 watt,10. 5
0.34 kilogram,10 oz
5.3 gram,30 cm
40.0 pound,100 lbs
18.0 kilogram,10 lbs
30.0 centimetre,10 feet
82.3 inch,6 feet
120.0 volt,100
6.6 inch,6 inches
50.0 centimetre,10 inches
25.0 milligram,10 lbs
18.0 pound,25 pounds
190.0 centimetre,10 feet
20.3 gram,10 pounds
10.0 kilogram,500 ml
165.0 millimetre,6 inches
9.5 inch,10 inches
25.0 centimetre,6 inches
500.0 milligram,10 lbs
7.5 inch,6 inches
2.36 inch,3 feet
22.0 gram,100 pounds
4 kilogram,10 lbs
2.5 pound,1000 lbs
190.0 millimetre,6 inches
235.0 millimetre,6 inches
16.0 centimetre,6 inches
30 gram,6 ounces
500.0 gram,300 lbs
3.94 inch,12 inches
45.0 millimetre,12 inches
200.0 gram,10 oz
500 milligram,100 lbs
24.0 ounce,10 lbs
50.0 gram,0
40.0 centimetre,6 inches
55.0 millimetre,3 feet
355.0 millimetre,10 feet
15.0 centimetre,10 inches
12.0 ounce,10 lbs
140.0 centimetre,10 inches
12.0 centimetre,6 feet
4.5 kilogram,10 lbs
10.6 inch,6 inches
200 gram,10 oz
3.0 watt,15. 5
16.0 centimetre,10 feet
152.4 centimetre,10 feet
70.0 centimetre,6 inches
224.0 gram,5 lbs
17.4 centimetre,12 inches
1.0 metre,6 inches
7.6 gram,60 lbs
1.7 centimetre,6 inches
45.6 centimetre,10 feet
300 gram,10 lbs
1 kilogram,10 lbs
3.0 centimetre,10 inches
170.0 gram,10 oz
30.0 millimetre,6 inches
97.0 centimetre,12 inches
22.0 centimetre,12 inches
5.0 foot,6 inches
0 gram,10 lbs
12.0 gram,10 pounds
20.0 centimetre,10 inches
46.0 centimetre,10 inches
1.0 watt,1. 5
"[5.5, 12.0] volt",1. 5
0.5 metre,10 feet
3.7 gram,25 cm
12.5 centimetre,6 inches
"[200.0, 240.0] volt",100 %
250.0 gram,10 lbs
1850 gram,100 lbs
2.0 gram,200 pounds
20.0 centimetre,6 inches
500.0 gram,10 lbs
0.58 pound,1. 5 lbs
14.0 centimetre,12 inches
41.0 centimetre,12 inches
73.0 millimetre,10 feet
14.56 inch,12 inches
4 kilogram,10 lbs
10.0 watt,25 mpg
23.0 centimetre,10 feet
40.0 centimetre,6 inches
100.0 gram,100 lbs
15.0 centimetre,6 inches
4.0 centimetre,6 inches
9 gram,1. 5 lbs
14.8 centimetre,6 inches
116.0 gram,12 ounces
106.0 millimetre,10 inches
9.0 centimetre,12 inches
15.8 gram,100 pounds
25.0 kilogram,25 pounds
50.4 gram,5 pounds
67.5 centimetre,10 feet
300.0 gram,5 lbs
7.2 centimetre,12 inches
2800.0 millilitre,1. 5
86.46 inch,10 inches
605.0 millimetre,6 inches
1.76 fluid ounce,10 oz
240.0 gram,200 lbs
2.0 kilogram,100 lbs
57.0 gram,10 lbs
5.0 millilitre,3
240.0 watt,4. 5
1600.0 millimetre,6 inches
33.0 cubic inch,1. 5
101.6 centimetre,8 feet
20.0 milligram,1. 5 lbs
10.0 centimetre,10 inches
12.4 inch,6 inches
350 gram,10 lbs
16.0 fluid ounce,4. 5
5.0 centimetre,6 inches
40.0 centimetre,6 inches
25.0 millimetre,15 inches
34.5 inch,5 feet
130.0 millimetre,10 inches
20.0 watt,15. 5
9.5 gram,92. 5
85.0 gram,100 lbs
3.8 inch,12 inches
250 milligram,200 lbs
4.0 fluid ounce,4
17.0 inch,12 inches
48.0 volt,45
5.0 volt,0
182.0 millimetre,10 inches
350.0 gram,300 lbs
9.05 inch,6 inches
1.0 ounce,1 ton
4.0 inch,8 inches
44.5 gram,100 lbs
24.0 watt,2000
60 gram,1. 5 lbs
350.0 gram,350 ml
31.0 centimetre,10 inches
15.0 centimetre,6 inches
12.0 gram,20 lbs
5.9 inch,6 inches
793.0 gram,10 oz
120.0 inch,10 feet
100 gram,10 lbs
16.0 inch,10 inches
25.0 millimetre,6 inches
10.0 gram,100 lbs
34.0 gram,10 lbs
3.4 gram,200 pounds
47.2 inch,4 feet
3.5 inch,6 inches
400 gram,1. 5 tons
27.0 centimetre,12 inches
1.0 gram,10 oz
8.8 centimetre,6 inches
2000.0 milligram,200 lbs
9.4 centimetre,6 inches
18.0 centimetre,6 feet
50.0 millilitre,10
2019.0 gram,10 lbs
10.2 inch,10 inches
3.0 inch,6 inches
117.0 centimetre,6 inches
170.0 centimetre,12 inches
2.75 inch,6 inches
400 gram,10 oz
38.0 millimetre,6 inches
4.5 millimetre,6 inches
106.0 centimetre,10 inches
9.0 gram,1. 5 lbs
3.54 inch,3 inches
52.0 inch,6 inches
18 kilogram,10 lbs
50.0 gram,10 lbs
86.0 watt,3. 5
5.0 gram,1. 5 lbs
13.0 centimetre,12 inches
14.0 centimetre,6 inches
3.0 volt,0
153.0 millimetre,15 inches
55.0 pound,10 lbs
9.0 centimetre,12 inches
300.0 gram,10 lbs
5 gram,5 pounds
300 gram,10 lbs
9.5 centimetre,6 inches
115.0 centimetre,10 inches
70.0 gram,200 lbs
1.0 inch,12 inches
120.0 centimetre,10 feet
73.0 gram,1000 lbs
5.43 inch,6 inches
28.0 centimetre,6 inches
40.0 inch,10 inches
19.0 centimetre,6 inches
14.5 centimetre,12 inches
3.0 millimetre,4 feet
0.5 gram,10 lbs
50.0 gram,5 lbs
53.0 inch,6 inches
10.0 watt,2000
60.0 centimetre,15 inches
639.0 pound,10 lbs
7.0 gram,10 pounds
7.8 inch,6 inches
14.0 centimetre,10 inches
25 gram,10 oz
4.5 centimetre,6 inches
8.0 gram,10 lbs
6.7 centimetre,6 inches
180.0 gram,100 lbs
5.5 centimetre,15 inches
35.4 inch,6 inches
500 gram,10 lbs
6.56 inch,6 inches
5.5 millimetre,6 feet
11.81 inch,12 inches
14.0 ounce,10 lbs
2.0 pound,0. 55
0.18 ounce,10 lbs
575.0 gram,5 lbs
300.0 gram,10 oz
39.0 centimetre,6 inches
20.0 inch,10 inches
31.5 inch,10 feet
2.9 kilogram,3 tons
200.0 gram,100 lbs
47.0 millimetre,10 feet
3.42 inch,6 inches
32.0 millimetre,6 inches
100 gram,10 lbs
3 kilogram,100 lbs
16.5 centimetre,6 feet
500 gram,10 lbs
200 gram,200 lbs
150.0 gram,100 lbs
500.0 gram,10 lbs
1.0 millilitre,10 oz
5.0 centimetre,6 inches
25.0 gram,10 pounds
2400.0 millilitre,2
8.0 pound,100 lbs
125 gram,10 oz
3.0 ounce,12 oz
5.9 inch,6 inches
35.0 centimetre,10 feet
40.0 inch,6 inches
100 gram,10 oz
246.0 millimetre,6 inches
3.0 kilogram,10 oz
9.0 centimetre,6 inches
10.4 centimetre,10 inches
13.1 inch,3 feet
6.0 inch,12 inches
10.2 inch,12 inches
15 gram,1. 5 lbs
88 gram,100 lbs
36.0 inch,12 inches
16.2 centimetre,6 inches
1.51 kilogram,10 lbs
1.4 inch,12 inches
29.0 centimetre,12 inches
0.65 kilogram,10 lbs
100.0 gram,100 lbs
12.5 centimetre,6 inches
40.0 kilogram,10 lbs
1.2 pound,10 lbs
30.0 gram,40 cm
7.6 centimetre,6 inches
25.0 millimetre,5 feet
44.0 gram,10 pounds
240.0 millilitre,1. 5
105 kilogram,100 lbs
3.3 inch,6 inches
155.0 centimetre,6 inches
"[220.0, 240.0] volt",110 volt
13.5 centimetre,10 inches
19.68 inch,12 inches
8.5 inch,12 inches
5.0 gram,1. 5 kg
0.39 pound,150 lbs
7.2 gram,200 lbs
9.0 ounce,10 oz
3.0 inch,3 inches
600.0 gram,600
10.0 inch,10 inches
51 gram,500 lbs
30.0 gram,10 lbs
40.0 millimetre,6 inches
7.3 centimetre,6 inches
13.0 gram,100 lbs
33.0 pound,3 tons
3523.0 gram,10 lbs
5.5 centimetre,10 inches
15.0 centimetre,10 inches
48.0 volt,0
0.86 pound,10 lbs
75.0 centimetre,10 feet
1 kilogram,100 lbs
21.0 centimetre,12 inches
2.0 fluid ounce,15
50.0 centimetre,6 inches
1.0 ounce,10 lbs
15.0 inch,6 inches
46.0 fluid ounce,10 oz
32.0 inch,5 feet
63 gram,100 lbs
2.4 gram,300 lbs
130.0 gram,100 lbs
20.0 gram,10 lbs
108.0 inch,6 inches
250 gram,200 lbs
3.6 centimetre,10 inches
45.0 inch,5 feet
32.0 ounce,1. 5 lbs
26.0 kilogram,200 lbs
150.0 centimetre,6 feet
0.88 pound,10 oz
240.0 watt,350
4.5 inch,6 inches
200.0 milligram,200 lbs
24.6 gram,60 lbs
4.0 gram,100 pounds
83.62 inch,6 feet
400 gram,10 lbs
14.6 centimetre,10 inches
8.8 ounce,5 pounds
4.0 inch,2 inches
11.0 ton,0
1.5 centimetre,5 feet
23.0 gram,5 pounds
37.0 inch,6 inches
30.0 inch,10 inches
0.1 watt,2000
3.15 inch,3 feet
199.0 gram,0
35.9 volt,55
142.0 millimetre,6 inches
80.0 centimetre,6 feet
9.0 centimetre,10 inches
3.35 inch,6 feet
14.7 gram,10 lbs
1.65 pound,10 lbs
50 gram,200 lbs
13.0 millimetre,8 inches
6.5 centimetre,6 inches
40.0 centimetre,10 inches
79.0 centimetre,6 inches
108.0 centimetre,10 feet
48.0 inch,10 inches
15.0 watt,10. 5
10.0 inch,6 inches
47.0 inch,12 inches
6.0 inch,10 inches
3000.0 gram,300 lbs
350.0 millimetre,6 inches
9.84 centimetre,6 inches
2 gram,10 lbs
8.5 inch,tall
4.0 gram,10 oz
13.0 centimetre,12 inches
50.0 centimetre,12 inches
170.0 millimetre,10 inches
70.0 centimetre,6 inches
1.13 ounce,10 lbs
34.0 centimetre,6 inches
10.5 inch,12 inches
124.0 millimetre,4 inches
7.0 centimetre,6 inches
2.0 pound,100 lbs
1.0 kilogram,10 lbs
50.0 centimetre,10 feet
6.1 centimetre,6 feet
132.0 millimetre,6 inches
50.0 centimetre,6 inches
5.0 ounce,10 oz
22.0 gram,200 lbs
55.0 centimetre,10 inches
700.0 milligram,100 lbs
60.0 centimetre,6 inches
136.68 pound,100 lbs
2.75 inch,6 inches
14.5 inch,12 inches
450.0 millilitre,6
11.5 centimetre,12 inches
6.5 centimetre,12 inches
250 gram,200 lbs
22.2 centimetre,12 inches
100.0 gram,100 lbs
100 gram,1. 5 tons
21.0 centimetre,12 inches
16.5 centimetre,10 inches
43 gram,10 oz
148.0 gram,10 lbs
112.5 gram,30 lbs
750.0 watt,25 mpg
101.0 millimetre,6 inches
11.6 centimetre,8 feet
905 gram,10 oz
7.0 centimetre,10 feet
42 gram,10 oz
117.0 millimetre,6 inches
184.0 gram,1. 5 kg
19.0 centimetre,6 inches
12.0 volt,0
100 gram,100 lbs
5.0 gram,350 lbs
0.63 inch,6 inches
24.0 pound,10 lbs
22.0 gram,100 lbs
31.5 centimetre,6 inches
1000.0 kilogram,10 lbs
60.0 volt,0
29.0 centimetre,6 inches
175.0 millimetre,3 feet
20.0 centimetre,10 inches
0.5 inch,10 feet
13.0 centimetre,12 inches
6.3 inch,12 inches
53.0 centimetre,6 inches
3.38 fluid ounce,5 lbs
50.0 centimetre,10 feet
4.0 gram,1. 5 lbs
"[9.5, 10.5] ounce",45 cm
14.17 inch,4 inches
1.0 pound,10 lbs
35.0 centimetre,6 inches
14.7 centimetre,6 inches
50 gram,5 lbs
2.4 litre,6 ounces
180 gram,10 lbs
36.0 volt,0
2.5 kilogram,25 lbs
18.8 centimetre,6 inches
18.0 centimetre,12 inches
20.0 centimetre,6 inches
3.3 centimetre,12 inches
2.2 inch,6 feet
12.0 inch,10 feet
50 gram,10 lbs
140.0 watt,30000
21.0 millimetre,3 inches
80.0 millimetre,6 inches
284.0 millimetre,6 inches
21.5 centimetre,6 inches
14.5 centimetre,6 inches
8.5 centimetre,6 feet
10.63 inch,6 inches
100.0 gram,10 lbs
35.0 centimetre,10 inches
30.0 gram,10 lbs
10 gram,10 lbs
0.56 kilogram,10 lbs
1.2 centimetre,8 inches
5.0 inch,12 inches
139.0 millimetre,6 feet
650.0 millimetre,10 inches
45.0 watt,9. 5
75.0 centimetre,6 inches
40.0 gram,40 lbs
32.5 centimetre,12 inches
58.0 millimetre,6 inches
19.0 centimetre,6 feet
1200.0 gram,100 lbs
5.0 centimetre,12 inches
28.0 inch,12 inches
28.5 millimetre,25 inches
20.0 gram,200 lbs
12.0 inch,12 inches
200.0 millilitre,5
4.3 inch,6 inches
340.0 gram,10 lbs
1.0 gram,1. 5 lbs
178 gram,very long
6.5 millimetre,6 inches
1.0 kilogram,500 lbs
200 gram,10 lbs
52.0 fluid ounce,10 oz
342.4 ounce,1. 5 lbs
29.0 centimetre,6 inches
3.9 inch,10 inches
200.0 gram,10 lbs
85.0 millimetre,6 inches
210.0 centimetre,6 inches
25.5 centimetre,10 feet
33.0 centimetre,6 inches
86.0 millimetre,6 inches
4.08 kilogram,200 lbs
9.05 inch,6 inches
165.0 centimetre,6 feet
750.0 gram,10 oz
100.0 gram,10 lbs
150.0 centimetre,6 inches
85.0 centimetre,6 inches
22.0 centimetre,12 inches
37.0 centimetre,6 inches
141.0 gram,1. 5 kg
1.9 milligram,100 lbs
12.0 inch,6 inches
6100.0 ton,0
15.0 kilogram,10 lbs
22.0 centimetre,6 inches
56.0 gram,1. 5 kg
40.0 centimetre,8 inches
4.5 gram,120 lbs
5.0 foot,10 inches
300.0 millilitre,1
7.9 ounce,10 lbs
240 gram,10 lbs
60.0 milligram,100 lbs
2.2 pound,100 lbs
17.9 centimetre,12 inches
28.5 gram,35 cm
8.2 gram,10 lbs
60.0 millilitre,10 oz
120.0 gram,10 lbs
26.0 centimetre,6 inches
1.0 gram,100 lbs
12.0 volt,0
165.0 gram,6 inches
3.5 centimetre,12 inches
28.0 millimetre,4 feet
500 gram,5 lbs
4.72 inch,6 inches
137.0 gram,1. 5 kg
35.5 centimetre,6 inches
3.7 volt,1. 5
300.0 volt,0
97.0 centimetre,6 inches
12.0 volt,1. 5
100.0 gram,100 pounds
5.0 inch,5 inches
300.0 centimetre,6 inches
14.5 gram,100 pounds
33.0 centimetre,6 inches
100 millilitre,200 lbs
125.0 gram,10 lbs
500.0 gram,10 lbs
1 gram,1. 5 lbs
15.7 inch,6 inches
40.0 gram,10 oz
40.0 inch,10 feet
4.7 inch,6 feet
41.0 centimetre,6 inches
19.0 centimetre,10 inches
280.0 gram,10 lbs
100.0 gram,10 oz
8.0 ton,100 lbs
6.0 pound,10 lbs
32.3 inch,12 inches
27.5 inch,10 feet
1 kilogram,10 lbs
3.6 gram,3. 5 kg
20 gram,10 lbs
48.0 centimetre,10 feet
11.0 centimetre,6 feet
40.0 centimetre,6 inches
125.0 volt,10 volt
17.5 centimetre,10 inches
83.0 centimetre,10 feet
20.0 watt,10
300.0 gram,100 lbs
"[12.0, 30.0] volt",0
24.0 volt,0
44.0 centimetre,3 feet
66.0 inch,12 inches
0.5 kilogram,300 lbs
7.97 ounce,100 lbs
150 gram,1. 5 lbs
500 gram,10 oz
240.0 volt,10 volt
44.0 gram,10 oz
100 gram,10 oz
36.0 volt,100 %
115.0 millilitre,1. 5
100.0 gram,10 oz
500.0 milligram,200 lbs
90.0 kilogram,10 lbs
170.0 millimetre,3 feet
160.0 millimetre,10 feet
29.3 millimetre,6 inches
200 gram,5 lbs
4.8 inch,6 inches
37.0 inch,6 inches
5.8 inch,6 inches
19.5 centimetre,6 inches
31.0 centimetre,12 inches
1.7 ounce,1. 5
0.46 kilogram,100 lbs
6.0 inch,6 inches
3.0 inch,8 feet
140.0 millimetre,12 inches
1.76 pound,10 lbs
12.3 centimetre,6 inches
66 gram,60 cm
1.0 kilogram,10 lbs
2.99 inch,12 inches
20.0 centimetre,4 inches
520 gram,20 lbs
32.0 centimetre,12 inches
16 gram,10 pounds
20.0 centimetre,6 inches
78.0 centimetre,10 feet
1.0 pound,10 lbs
1000.0 gram,10 oz
13.5 centimetre,6 inches
8.0 gram,100 pounds
20.0 centimetre,10 inches
116.0 gram,10 lbs
1.57 inch,12 inches
200.0 millimetre,10 feet
36.0 millimetre,6 inches
32.5 gram,3. 5 kg
120 kilogram,heavy
6.3 inch,6 inches
2.35 centimetre,10 inches
120.0 volt,1. 5
46.0 gram,10 lbs
1814.0 gram,100 lbs
240.0 watt,10. 5
500.0 milligram,500 lbs
10.56 inch,10 inches
120.0 milligram,10 lbs
9.0 inch,6 inches
150 kilogram,150 lbs
7.0 gram,10 lbs
31.0 centimetre,6 inches
10.0 centimetre,6 inches
68.0 centimetre,6 inches
"[110.0, 130.0] volt",1. 5
8.0 inch,8 feet
9.0 inch,10 feet
20.0 gram,20 lbs
9.4 inch,10 inches
107.0 millimetre,10 feet
240.0 volt,0
25.0 centimetre,10 feet
55.0 gram,1. 5 lbs
28.0 inch,6 inches
8.9 centimetre,6 inches
530.0 gram,10 lbs
250 gram,100 lbs
12.0 millimetre,12 inches
398.0 millimetre,12 inches
12.25 gram,100 pounds
1.0 watt,6. 5
15.0 gram,10 lbs
5.0 volt,0
200 gram,200 lbs
10.0 centimetre,1 foot
1.0 kilogram,3 tons
30.0 centimetre,2 inches
31.0 inch,3 feet
1.0 centimetre,no tall
5.0 volt,10 volt
34.0 centimetre,10 feet
15.0 centimetre,10 inches
24.0 inch,6 inches
80.0 centimetre,6 inches
120.0 centimetre,6 inches
11.8 inch,6 inches
60.0 watt,1. 5
80.0 centimetre,12 inches
42.0 centimetre,6 inches
1000.0 millilitre,1. 5
7.0 centimetre,10 feet
75.0 centimetre,6 inches
30 pound,10 lbs
200.0 gram,100 pounds
2.84 kilogram,200 lbs
370.0 gram,5 lbs
55.0 gram,5 pounds
76.0 milligram,10 lbs
250 gram,10 oz
159.0 gram,150 cm
0.5 watt,2000
175.0 millilitre,1. 5
90.0 millimetre,6 inches
205.0 millimetre,6 inches
168.0 gram,16 inches
325 milligram,10 lbs
5 kilogram,10kg
18.0 centimetre,6 inches
31.0 centimetre,6 inches
130.0 millimetre,10 feet
32.5 centimetre,6 inches
400.0 gram,10 lbs
6.3 inch,6 inches
8.0 inch,6 inches
400 gram,400 lbs
22.0 inch,6 inches
42.0 gram,300 lbs
0.8 centimetre,10 inches
41.0 centimetre,6 inches
650.0 millimetre,4 feet
8.5 centimetre,6 inches
13.0 centimetre,6 inches
16.9 fluid ounce,5 lbs
320.0 gram,100 lbs
9.0 centimetre,6 inches
8.0 centimetre,6 inches
5.5 pound,4 lbs
63.0 gram,10 lbs
120.0 gram,1. 5 lbs
13.0 pound,10 lbs
3.9 gram,100 pounds
9.2 gram,3. 5 lbs
444.0 millimetre,10 feet
17.7 inch,6 inches
14.1 ounce,10 lbs
32.0 kilogram,100 lbs
14.5 centimetre,3 feet
19.5 centimetre,6 inches
12.0 volt,0
21.0 centimetre,6 inches
450.0 ton,2 tons
29.7 centimetre,6 inches
2.2 pound,100 lbs
3.0 inch,6 inches
240.0 volt,4. 5
120.0 watt,12. 0
20.0 centimetre,6 inches
24.3 inch,6 feet
5.1 inch,6 inches
18.0 centimetre,6 inches
38.1 centimetre,12 inches
150.0 gram,1. 5 kg
2.865 milligram,100 lbs
31.0 centimetre,10 feet
8.0 inch,6 inches
4.0 ounce,100 lbs
2.5 kilogram,5 lbs
1000.0 milligram,100 lbs
1.4 foot,6 inches
0.8 kilogram,10 lbs
40.0 centimetre,10 inches
14.0 centimetre,6 inches
0.3 metre,10 feet
4.0 fluid ounce,10 oz
3.0 inch,6 inches
90.0 millimetre,10 inches
700.0 milligram,10 lbs
2.99 inch,12 feet
120 kilogram,100 lbs
5.2 inch,12 inches
92.0 centimetre,6 inches
2000.0 millimetre,2 inches
1988 gram,10 lbs
2015.0 gram,10 lbs
122.0 millimetre,6 feet
4.8 gram,8 oz
90.0 gram,100 lbs
11.1 kilogram,10 lbs
73.0 gram,2 tons
78.0 centimetre,10 feet
500.0 gram,100 lbs
250.0 gram,10 oz
45.0 centimetre,6 inches
8.16 gram,10 pounds
9.0 ounce,1. 5 lbs
10.0 pound,100 lbs
36.0 volt,10 volt
12.0 ounce,100 lbs
234.0 gram,10 lbs
45.0 millimetre,8 inches
206.0 centimetre,6 inches
15.7 inch,10 feet
90.0 gram,10 lbs
20.0 centimetre,10 inches
250.0 gram,100 pounds
50.0 centimetre,6 inches
0.6 kilogram,10 lbs
3.1 inch,6 inches
3.0 ton,10 lbs
45.0 centimetre,3 feet
11.0 foot,6 inches
20.0 millimetre,10 inches
12 gram,100 lbs
2020.0 pound,low
5.6 gram,5 pounds
3 kilogram,100 lbs
51.0 millimetre,10 inches
102.0 gram,5 lbs
8.0 fluid ounce,1
9.0 gram,10 lbs
2.0 inch,12 inches
1.0 gram,10 lbs
10.0 foot,10 feet
200 gram,10 lbs
35.0 centimetre,10 inches
32.0 gram,200 lbs
100 kilogram,10 lbs
201.0 centimetre,12 inches
30.0 centimetre,15 feet
200.0 gram,100 lbs
350.0 gram,10 lbs
6.0 kilogram,6
20.0 millilitre,20
47.0 centimetre,10 feet
100 kilogram,10 lbs
30.0 watt,350
12.5 centimetre,6 inches
20.0 centimetre,10 feet
50 gram,10 lbs
3.0 metre,4 inches
120.6 gram,100 pounds
26.0 inch,6 inches
500 gram,500 lbs
10.2 centimetre,6 inches
200 gram,10 lbs
500.0 gram,500 lbs
7.0 inch,6 inches
19.7 inch,6 inches
623 gram,10 lbs
136.75 gram,150 cm
750.0 watt,25 mpg
45.0 millimetre,6 inches
24 ounce,10 lbs
210.0 millimetre,10 inches
19.0 centimetre,6 inches
127.0 millimetre,12 inches
305.0 millimetre,6 inches
8.66 inch,6 inches
10 gram,100 lbs
2.56 inch,6 feet
5.9 inch,15 inches
500.0 gram,200 lbs
22.0 pound,0
10.0 metre,6 inches
184.0 millimetre,6 inches
27.5 gram,100 lbs
74.0 inch,10 inches
5.9 inch,6 inches
287.0 gram,10 lbs
12.75 inch,12 inches
2.7 metre,6 inches
45.0 gram,10 lbs
4.0 ounce,1. 5 lbs
60.0 gram,10 lbs
8.8 inch,6 inches
30.0 centimetre,6 inches
1.5 gram,10 lbs
100.0 millimetre,10 inches
15.77 inch,10 inches
45.0 millimetre,6 inches
240.0 millimetre,2 feet
201.0 centimetre,6 inches
230.0 gram,200 lbs
30.0 millilitre,10
113.0 gram,1. 5 lbs
7.0 inch,8 inches
189.0 millimetre,10 inches
170.0 millimetre,6 feet
18.0 gram,100 lbs
100.0 watt,6. 5
500.0 gram,100 lbs
18.0 centimetre,12 inches
200.0 milligram,10 oz
13.0 centimetre,8 feet
17.2 centimetre,12 inches
40.0 milligram,10 oz
5.0 kilogram,200 lbs
10.0 millimetre,10 inches
2.5 volt,1. 5
10 gram,10 lbs
456.0 gram,4. 5 lbs
14.1 ounce,200 lbs
50.0 centimetre,10 inches
7.67 inch,6 inches
15.0 pound,100 lbs
13.7 centimetre,12 inches
3.0 pound,5 lbs
160.0 centimetre,10 inches
29.0 centimetre,10 inches
70.0 millimetre,2 feet
2000.0 milligram,100 lbs
7.0 inch,6 inches
80.0 gram,10 lbs
5.9 inch,6 inches
5000.0 gram,weight
71.5 centimetre,15 inches
0.47 inch,6 inches
38.0 millimetre,6 inches
4.0 gram,60 lbs
28.0 inch,6 inches
0.14 kilogram,10 lbs
21.6 gram,6 inches
1.0 inch,1 foot
5.0 centimetre,4 feet
0.0 gram,10 oz
650.0 gram,10 lbs
88.0 centimetre,10 inches
25.0 kilogram,500 lbs
7.0 centimetre,10 inches
100.0 gram,10 lbs
22.0 centimetre,6 inches
8.0 millimetre,6 inches
200 gram,200 lbs
25.1 centimetre,6 inches
500 gram,10 lbs
1.0 milligram,5 pounds
300.0 gram,5 lbs
1.5 gram,100 pounds
13.5 inch,6 inches
750.0 gram,10 pounds
18 kilogram,10 lbs
20.0 millilitre,1. 5
55.0 centimetre,4 feet
25.98 inch,12 inches
5.0 centimetre,3 feet
100.0 gram,100 lbs
5 gram,100 lbs
53.0 centimetre,6 inches
300.0 milligram,10 oz
100.0 watt,25 mpg
60.0 gram,25 lbs
70.0 centimetre,10 feet
300.0 gram,200 lbs
4.37 inch,10 feet
85.0 centimetre,10 inches
30.0 inch,6 inches
7.5 centimetre,tall
40.0 millimetre,10 feet
11.0 inch,10 feet
225.0 gram,10 oz
2160.0 horsepower,4. 5
42.3 millimetre,12 inches
13.0 centimetre,10 feet
93.4 millimetre,3 feet
1500.0 milligram,100 lbs
12.0 centimetre,6 feet
13.2 kilogram,100 lbs
71.65 inch,12 inches
1 kilogram,6 oz
12.0 volt,0
9.8 inch,6 feet
100.0 centimetre,10 feet
4.25 pound,25 pounds
132.0 centimetre,6 feet
200.0 gram,10 oz
71 gram,1. 5 lbs
1.75 inch,12 inches
1190.0 gram,100 lbs
900.0 gram,10 lbs
35.0 millimetre,6 inches
48.1 gram,10 oz
1.5 litre,1. 5
60.0 centimetre,12 inches
4.3 inch,12 inches
190 gram,5 pounds
100.0 gram,100 lbs
10.3 gram,10 pounds
18.0 inch,10 feet
43.0 centimetre,10 inches
26.0 gram,100 lbs
7.5 centimetre,6 feet
24.0 centimetre,6 inches
85.0 gram,10 lbs
6.0 centimetre,10 inches
13.0 centimetre,6 inches
18.9 gram,3. 5 kg
40.0 centimetre,4 feet
35.27 pound,10 lbs
120.0 volt,120v
280.0 centimetre,6 inches
750 gram,10 lbs
240.0 gram,10 lbs
205.5 gram,10 lbs
3.6 inch,12 inches
35.0 centimetre,6 inches
2.0 volt,0
80.0 centimetre,10 inches
28.0 watt,1. 5 hours
350.0 gram,150 lbs
20.8 gram,10 lbs
5.1 inch,3 feet
4.0 inch,6 inches
4.9 centimetre,6 inches
71.0 centimetre,6 inches
1.05 ounce,10 pounds
38.4 inch,10 feet
100.0 centimetre,6 inches
18.5 centimetre,12 inches
11.0 gram,10 pounds
3.0 metre,3 inches
1000.0 milligram,100 lbs
152.0 centimetre,6 inches
200 gram,10 lbs
14.5 centimetre,10 inches
300 gram,10 oz
120.0 watt,2000
6.0 inch,6 inches
96.5 centimetre,10 inches
11.0 gram,100 lbs
230.0 centimetre,6 inches
7.0 inch,6 inches
25.0 inch,6 inches
9.0 centimetre,12 inches
15.8 centimetre,10 inches
29.25 inch,10 feet
4.4 pound,3. 5 kg
101.0 gram,10 pounds
1.0 litre,1 gallon
5.6 gram,100 pounds
1.25 inch,1 foot
4.0 gram,10 lbs
10.5 ounce,10 lbs
40.3 inch,6 feet
10.5 centimetre,3 inches
15.0 kilogram,100 lbs
40 gram,10 oz
"[220.0, 240.0] volt",0
10.58 gram,10 lbs
7.0 inch,6 inches
1.0 kilogram,1000 lbs
11.8 inch,12 inches
5000.0 microgram,5 lbs
28.0 millimetre,6 inches
18.5 centimetre,6 inches
100.0 gram,10 lbs
31.5 inch,3 feet
3.6 kilogram,3 lbs
2.0 fluid ounce,10
5.0 watt,1. 5
500 gram,10 oz
105.0 millimetre,2 inches
400.0 milligram,200 lbs
7.87 inch,10 feet
38.0 centimetre,10 feet
200.0 centimetre,6 inches
700.0 millimetre,10 feet
10.0 microgram,100 lbs
0.5 kilogram,30 cm
2.4 inch,12 inches
8.0 centimetre,3 inches
907.0 gram,100 lbs
1200.0 milligram,200 lbs
134.0 millimetre,6 inches
160.0 millimetre,6 inches
74.4 gram,10 oz
200.0 watt,2000
65.0 millimetre,6 inches
15.0 centimetre,6 inches
1.37 inch,12 inches
2.0 gram,20 pounds
18.0 centimetre,10 feet
12.0 millimetre,6 inches
17.5 centimetre,12 inches
2.6 kilogram,100 lbs
30 gram,100 lbs
2.75 inch,6 inches
5.5 inch,5 inches
5.0 pound,10 lbs
4.3 kilogram,100 lbs
55.0 centimetre,10 feet
40.0 centimetre,12 inches
762.0 millimetre,30 inches
6.5 centimetre,6 inches
1 kilogram,100 lbs
23.0 centimetre,12 inches
50.0 milligram,100 lbs
4.0 inch,10 feet
45.0 centimetre,6 inches
125.0 gram,1. 5 tons
110 gram,10 lbs
0.13 pound,150 cm
17.4 millimetre,12 inches
150.0 centimetre,6 inches
15.5 centimetre,6 inches
25.0 gram,90 lbs
0.7 kilogram,10 lbs
5.6 centimetre,6 inches
5.0 ounce,80 lbs
35.0 millimetre,3 feet
2.3 pound,10 lbs
110.0 centimetre,10 inches
20.0 centimetre,10 inches
10.0 ounce,heavy
60.0 centimetre,6 feet
17.0 centimetre,6 inches
11.0 centimetre,12 inches
100.0 gram,100 pounds
3.5 inch,10 feet
158.0 inch,12 inches
3.0 kilogram,1. 5 kg
15.6 gram,150 pounds
12.0 ounce,10 lbs
74.9 centimetre,10 feet
20.0 centimetre,6 inches
62.2 inch,6 feet
284.0 gram,10 lbs
4.25 inch,10 inches
135.0 centimetre,5 feet
37.75 inch,10 feet
5.0 foot,6 inches
19.0 centimetre,10 feet
21.0 centimetre,10 inches
48.0 volt,0
15.4 inch,15 inches
36.0 inch,6 inches
16.0 centimetre,5 feet
20.08 inch,10 feet
2.0 pound,12 oz
8.0 centimetre,6 inches
200 gram,10 lbs
48.0 millimetre,6 inches
60.0 centimetre,6 inches
500.0 gram,5 lbs
26.0 centimetre,6 inches
1 gram,1. 5 lbs
41.0 millimetre,6 inches
10.23 inch,6 inches
130 gram,1. 5 lbs
12.1 centimetre,6 inches
5.8 centimetre,6 inches
250.0 watt,2000
60.0 watt,100w
6.0 foot,6 inches
5.0 gram,350
250 gram,10 oz
12.0 volt,0
18.0 millimetre,6 inches
51.0 gram,10 lbs
500 gram,10 lbs
100.0 watt,100
16.0 inch,6 inches
300.0 centimetre,6 inches
250.0 millilitre,10
22.0 watt,350w
39.0 centimetre,12 inches
34.5 centimetre,6 inches
53.0 centimetre,6 inches
0.3 gram,100 lbs
105 kilogram,100 lbs
480 gram,1. 5 lbs
"[110.0, 120.0] volt",0
6.0 milligram,100 lbs
18.1 inch,12 inches
429.5 millimetre,6 inches
5.0 watt,100w
6.7 inch,6 inches
200 gram,20 lbs
4.8 centimetre,6 inches
3.0 gram,10 pounds
10.4 inch,10 inches
113.5 centimetre,10 inches
16.0 centimetre,10 inches
340.0 gram,10 lbs
290.0 millimetre,10 inches
4.12 ounce,10 lbs
6.0 gram,1 ton
1.2 metre,3 feet
140.0 gram,2 tons
110.0 millimetre,10 inches
8.0 gram,1000 lbs
25.0 gram,1. 5 lbs
36.0 volt,100 %
7.0 centimetre,6 inches
48.0 volt,100
8.0 kilogram,10 lbs
231.1 centimetre,10 feet
500.0 milligram,500 lbs
90.0 centimetre,6 inches
2.2 centimetre,5 inches
2 kilogram,5 lbs
6.25 gram,100 lbs
100.0 kilogram,100 lbs
0.07 ounce,100 lbs
11.59 centimetre,6 inches
37.4 inch,10 feet
30.0 centimetre,10 inches
5.0 centimetre,6 inches
30.5 centimetre,it ' s drawing
5.5 centimetre,6 inches
25.0 centimetre,10 feet
51.22 gram,10 ounces
6.2 inch,6 inches
2.0 gram,200 lbs
7.8 centimetre,8 inches
20.0 milligram,200 lbs
26.0 centimetre,12 inches
70.0 centimetre,10 inches
105.0 millimetre,10 inches
110.0 millimetre,6 inches
6.0 gram,10 lbs
27.0 inch,25 inches
0.66 inch,10 inches
25.0 centimetre,25 inches
50.0 milligram,10 lbs
5.0 volt,1. 5
58.0 centimetre,6 inches
10.0 inch,3 feet
8.4 centimetre,6 feet
18.0 gram,10 oz
"[5.0, 7.0] kilogram",10 lbs
0.65 kilogram,100 lbs
300.0 millimetre,12 inches
6.0 gram,5 pounds
8.53 foot,6 inches
5.0 gram,10 lbs
"[5.5, 12.0] volt",1. 5
30.1 gram,10 pounds
4.0 inch,4 inches
0.5783132530120482 volt,0
56.0 centimetre,12 inches
87.01 inch,10 inches
3.7 pound,25 lbs
810.0 milligram,10 lbs
1.65 cubic inch,4
0.0 gram,10 lbs
10.0 inch,6 inches
8.0 inch,12 inches
10.0 watt,100
21.0 gram,10 oz
14.2 inch,6 inches
27.0 centimetre,10 inches
12.5 kilogram,10 lbs
0.44 ounce,10 lbs
110.0 millimetre,10 inches
17.0 centimetre,10 inches
4.6 millimetre,10 feet
7.6 centimetre,10 inches
18.6 centimetre,6 inches
70.0 millimetre,6 inches
2.5 inch,5 inches
5.0 centimetre,6 inches
4.0 fluid ounce,10 ounces
5.5 inch,12 inches
68.0 centimetre,6 inches
12.0 inch,10 feet
210 gram,10 lbs
1.2 volt,100
3.0 foot,3 feet
600.0 gram,100 lbs
80.0 inch,10 inches
204.0 gram,15 cm
25.4 centimetre,2 feet
14.5 centimetre,6 inches
50.0 centimetre,3 feet
11.0 centimetre,12 inches
400.0 gram,1. 5 lbs
"[110.0, 240.0] volt",100w
5.3 inch,6 inches
15.0 kilogram,15 lbs
24.9 centimetre,6 inches
15.0 centimetre,6 inches
615.0 milligram,100 lbs
300.0 gram,100 lbs
52.0 millimetre,6 inches
550.0 centimetre,10 feet
3.5 gram,100 lbs
30 gram,10 oz
13 gram,6 inches
70.0 centimetre,10 inches
27.0 centimetre,6 inches
100 gram,100 lbs
40.0 centimetre,6 inches
0.75 inch,2 feet
2.0 inch,6 feet
7.0 centimetre,10 feet
3.5 centimetre,12 inches
5.3 gram,10 pounds
2.55 inch,6 inches
13.0 centimetre,6 inches
16 ounce,10 lbs
5.24 inch,3 feet
40.0 inch,10 inches
1130.0 millimetre,10 inches
3 kilogram,10 lbs
21.0 inch,6 inches
45000.0 milligram,200 lbs
30.0 millimetre,6 inches
21.0 centimetre,10 inches
33.0 centimetre,10 inches
28.7 inch,10 feet
7.3 centimetre,12 inches
53.0 centimetre,12 inches
42.5 centimetre,10 inches
340.0 gram,10 lbs
2.0 kilogram,10 lbs
20.0 centimetre,10 inches
208.0 millimetre,10 feet
15.0 gram,10 oz
0.3 ounce,10 oz
19.0 gram,6 ounces
183.0 centimetre,3 feet
3.0 foot,6 inches
2.6 centimetre,6 inches
55.0 pound,5 lbs
2.2 inch,6 inches
13.0 millimetre,10 inches
230.0 volt,3. 5
26.0 centimetre,6 inches
200.0 watt,10. 5
35.5 centimetre,6 inches
16.0 inch,12 inches
1.25 inch,6 inches
370.0 millimetre,6 inches
32.0 gram,1. 5 kg
6.3 inch,6 inches
1.6 gram,3 lbs
230.0 gram,10 lbs
14.8 centimetre,6 inches
180 gram,500 lbs
24.0 millimetre,6 inches
117.0 centimetre,10 inches
248.0 millimetre,6 inches
250 gram,10 lbs
360.0 gram,300 lbs
20.0 centimetre,6 inches
59.0 centimetre,6 inches
38.0 centimetre,6 feet
30.0 gram,10 oz
7.0 centimetre,6 inches
20.0 millimetre,4 inches
3.0 kilogram,10 lbs
12.0 fluid ounce,15
1020.0 gram,100 lbs
45.5 centimetre,6 inches
7.5 inch,4 feet
10.0 centimetre,10 feet
30.0 centimetre,10 feet
71.12 centimetre,12 inches
12 gram,12 inches
100.0 millilitre,10 ounces
4.0 inch,25 inches
2.0 ton,5 lbs
114.0 pound,100 pounds
17 gram,100 pounds
850.0 gram,200 lbs
11.0 centimetre,10 inches
11.5 centimetre,10 inches
305.0 millimetre,6 inches
10.5 centimetre,6 inches
12.0 volt,1. 5
100 gram,10 lbs
80 gram,10 lbs
7.3 inch,3 inches
1.83 ounce,10 lbs
60.0 inch,6 feet
12.0 centimetre,6 inches
216 gram,20 lbs
60.0 centimetre,10 inches
16.0 centimetre,6 inches
"[110.0, 120.0] volt",1. 5
1.1 kilogram,10 lbs
300.0 gram,100 lbs
72.0 inch,6 inches
5.0 inch,6 inches
6.1 centimetre,6 inches
7 kilogram,1. 5 tons
56.8 gram,4. 5 lbs
0.51 kilogram,100 lbs
385.0 gram,300 lbs
200 gram,200 lbs
4.72 inch,12 inches
500.0 milligram,10 oz
6.0 centimetre,10 inches
5.5 inch,12 inches
3.5 inch,4 feet
4.5 inch,it ' s hard to tell
4.4 gram,25 pounds
100.0 kilogram,100 lbs
3200.0 gram,10 lbs
6.0 centimetre,10 feet
6.68 inch,6 inches
10.0 ounce,10 lbs
2.2 pound,100 lbs
100.0 pound,5 lbs
2.77 inch,6 inches
32.0 millimetre,12 inches
8.0 fluid ounce,10
0.776 kilogram,70 lbs
200.0 centimetre,10 inches
28.0 centimetre,10 inches
0.0 millilitre,15
240.0 centimetre,10 feet
20.0 centimetre,6 inches
190.0 gram,1. 5 tons
6.0 gram,25 pounds
10.0 centimetre,3 feet
5.0 volt,0
120.0 volt,0
3.53 ounce,350 lbs
9.25 inch,6 inches
0.7 millilitre,1. 5
105 gram,10 lbs
13.0 inch,6 inches
55 gram,100 lbs
27.0 centimetre,6 inches
4.2 ounce,10 lbs
10.0 inch,6 inches
250 gram,10 oz
240.0 gram,10 lbs
72.0 inch,10 feet
7.87 inch,6 inches
1200.0 milligram,10 lbs
110.0 kilogram,100 lbs
7.5 centimetre,6 inches
780.0 gram,200 lbs
40.0 centimetre,10 feet
40.0 centimetre,6 inches
15.0 centimetre,6 inches
14.0 gram,10 lbs
207.0 gram,100 lbs
26.0 centimetre,6 inches
240.0 volt,0
18.0 millimetre,6 inches
500.0 milligram,500 ml
10 gram,10 oz
48.5 centimetre,10 feet
27.4 millimetre,6 inches
1.3 kilogram,100 lbs
1000.0 gram,200 lbs
10.0 gram,20 lbs
50.0 millimetre,6 inches
220.0 gram,200 lbs
2.0 metre,10 feet
37.0 centimetre,6 inches
123.0 gram,200 lbs
370.0 millimetre,3 feet
20.4 gram,10 pounds
355.0 gram,5 lbs
13.8 centimetre,6 feet
10.0 centimetre,3 feet
14.0 watt,2000
4.0 gram,10 oz
79.0 millimetre,25 inches
125.0 gram,5 lbs
12.5 centimetre,10 feet
60.0 gram,10 lbs
1.0 pound,5 lbs
250 gram,10 lbs
10.0 centimetre,10 inches
6.0 kilogram,200 lbs
17.7 inch,10 inches
10.0 centimetre,10 inches
3.5 ounce,10 pounds
1 kilogram,10 lbs
1.0 kilogram,10 lbs
10.0 millilitre,1. 5
4.1 gram,10 pounds
25 gram,2 tons
3.0 watt,1. 5
1.6 ounce,16 ounces
0.9985163204747775 pound,0
230.0 volt,45
800.0 milligram,10 lbs
6.8 centimetre,6 inches
88.0 inch,6 feet
28.0 centimetre,12 inches
10.0 millimetre,6 inches
2.09 inch,6 inches
10 kilogram,25 lbs
28.0 watt,10. 5
6.0 foot,6 inches
19.0 centimetre,10 feet
2.5 centimetre,6 inches
20.0 gram,10 lbs
205.0 millimetre,10 feet
5.0 milligram,10 lbs
400 gram,10 lbs
1.0 inch,3 feet
2.2 pound,1. 5 kg
150 gram,10 lbs
5 kilogram to 10 kilogram,20 lbs
100.0 millilitre,100
12.0 ounce,10 lbs
38.0 centimetre,12 inches
4.12 ounce,10 oz
5.0 volt,110 volt
26.0 centimetre,6 inches
125.0 gram,1. 5 lbs
6.0 volt,1. 5
4.0 gram,10 lbs
2.0 gram,10 ounces
60.0 centimetre,12 inches
360.0 milligram,100 pounds
0.13 kilogram,10 oz
22.375 inch,6 inches
60.0 ounce,200 lbs
8220.0 milligram,100 lbs
4.09 inch,10 inches
7.08 inch,6 inches
100.0 pound,100 lbs
12.0 centimetre,6 inches
340 gram,200 lbs
7.28 inch,6 inches
3.54 inch,6 inches
12.6 inch,10 inches
2.91 inch,2 feet
"[500.0, 600.0] millilitre",10
45.0 millimetre,6 inches
28.0 gram,300
2.0 gram,10 lbs
5 gram,10 pounds
160.0 centimetre,12 inches
25.0 centimetre,6 inches
15.5 centimetre,6 inches
110.0 centimetre,10 inches
11.5 centimetre,10 feet
21.3 centimetre,6 inches
200.0 millilitre,1. 5
39.4 inch,12 inches
3.0 inch,10 feet
3.0 millimetre,3 feet
9.2 gram,25 pounds
330.0 gram,10 oz
2.16 inch,6 inches
2000 gram,5 pounds
4.53 inch,6 inches
2000.0 milligram,100 pounds
26.0 centimetre,6 inches
250.0 gram,25 lbs
30.0 millimetre,6 inches
14.6 inch,12 inches
100.0 gram,10 lbs
230.0 volt,0
137.0 centimetre,6 inches
20.8 watt,10. 5
500 gram,10 lbs
36.0 milligram,30 lbs
18.0 gram,10 lbs
16.0 centimetre,3 feet
180.0 centimetre,6 inches
230.0 gram,10 lbs
8.5 centimetre,6 feet
8.0 centimetre,6 inches
1.9 inch,12 inches
5 gram,10 oz
30.0 gram,10 oz
14.0 ounce,25 pounds
0.5 inch,3 feet
3.5 ounce,10 lbs
1.0 ounce,100 lbs
25.0 millimetre,6 inches
50 pound,10 lbs
900 gram,10 lbs
9.43 inch,6 inches
1.8 gram,10 lbs
4.6 inch,10 inches
6.0 centimetre,6 inches
100.0 milligram,100 lbs
390.0 millimetre,6 inches
4.1 gram,10 pounds
1.2 kilogram,5 lbs
100.0 centimetre,10 inches
8.5 inch,6 inches
1.6 inch,12 inches
27.0 inch,8 inches
2500.0 milligram,10 oz
10.82 fluid ounce,10
160 gram,6 oz
2.5 gram,30 cm
100.0 gram,10 lbs
88.0 gram,10 lbs
5 kilogram,100 lbs
40.0 gram,10 lbs
1.3 millilitre,10
48.0 inch,6 feet
29.0 centimetre,6 inches
23.0 centimetre,10 inches
35.0 centimetre,6 inches
2.24 inch,12 inches
10.0 inch,12 inches
90.0 cubic inch,10
18.0 centimetre,6 inches
123.0 millimetre,6 inches
10.0 inch,6 inches
26.5 centimetre,12 inches
300.0 gram,10 lbs
4.0 inch,6 inches
45.0 gram,10 lbs
11.5 centimetre,10 inches
10.0 centimetre,10 inches
5.4 ounce,5 tons
250.0 pound,20 lbs
1.2 kilogram,10 lbs
323.0 millimetre,6 feet
28.4 inch,6 inches
53.0 inch,10 feet
56.0 millimetre,6 inches
3.8 volt,1. 5
8.2 centimetre,6 inches
800.0 gram,200 lbs
190 gram,1. 5 kg
16.0 centimetre,6 inches
4.9 foot,10 feet
120.0 kilogram,weight
3.5 watt,60
3.53 ounce,10 pounds
3000.0 milligram,3. 5 lbs
7.8 gram,80 lbs
8.7 centimetre,6 inches
67.0 millimetre,6 inches
50.0 millimetre,10 inches
100.0 centimetre,10 inches
90.0 gram,5 pounds
2.3 gram,3. 5 kg
100.0 gram,10 lbs
23.0 centimetre,10 feet
1352.0 gram,350 lbs
7.0 inch,it ' s made of metal
80.0 centimetre,10 inches
38.0 milligram,300 lbs
"[220.0, 240.0] volt",0
120 gram,10 lbs
1165.0 millimetre,10 feet
280.0 gram,100 lbs
4.0 inch,10 inches
12.0 volt,0
350.0 millilitre,very long
85 milligram,100 pounds
0.9 inch,6 feet
7.87 inch,6 inches
33.8 millimetre,6 inches
1000.0 milligram,100 lbs
15.0 kilogram,15 lbs
230.0 millilitre,10 ounces
12.5 centimetre,6 inches
3.0 metre,6 inches
2.9 inch,6 inches
8.75 ounce,5 lbs
42.0 centimetre,12 inches
800.0 gram,10 lbs
45.0 centimetre,10 inches
50.0 gram,10 lbs
7.0 centimetre,6 inches
80.0 gram,3 ounces
1.39 pound,100 lbs
13.0 inch,12 inches
50.0 pound,12 ounces
35.0 inch,34 inches
22 gram,5 lbs
900 gram,200 lbs
57.0 gram,10 lbs
100.0 gram,10 lbs
35.0 centimetre,tall
2.5 gram,500 lbs
10.5 centimetre,6 inches
4.3 inch,5 feet
1 kilogram,10 lbs
4.0 kilogram,10 lbs
35 gram,200 lbs
24.9 centimetre,10 inches
144.0 gram,10 oz
1.1 inch,12 inches
7.3 gram,4. 5 kg
77.0 millimetre,12 inches
220.0 volt,120 volt
4.52 inch,6 inches
"[30.0, 55.0] pound",10 lbs
"[220.0, 240.0] volt",1. 5
90.0 centimetre,10 feet
7 ounce,10 oz
72.0 centimetre,10 inches
40 gram,1. 5 lbs
90.0 centimetre,10 feet
38.0 volt,100 %
120.0 gram,10 lbs
13.0 centimetre,5 feet
0.04 pound,10 lbs
7.0 inch,12 inches
4.0 ounce,100 pounds
4.1 inch,6 inches
666.0 milligram,10 lbs
2.82 ounce,10
5.5 inch,5 inches
0.0 gram,10 lbs
200.0 millimetre,4 feet
2.0 watt,1. 5
90.0 centimetre,10 feet
4.0 gram,1 ton
50.0 watt,60
3.0 inch,5 feet
1000 milligram,100 lbs
16.5 inch,6 inches
500.0 gram,500 lbs
10.0 centimetre,6 feet
50.0 centimetre,6 feet
150.0 centimetre,10 feet
16.0 fluid ounce,1. 5
800.0 gram,800 lbs
31.0 gram,10 pounds
2.0 ounce,10 oz
9.4 centimetre,6 inches
100.0 millilitre,25
4.9 inch,6 inches
71.0 centimetre,10 feet
100 gram,10 lbs
2000.0 kilogram,1000 lbs
0.3 kilogram,100 lbs
1850.0 millimetre,6 inches
3.0 centimetre,6 inches
100.0 gram,10 ounces
15.0 gram,5 lbs
47.0 inch,6 inches
5.4 gram,10 lbs
19.3 centimetre,3 feet
10.0 ton,1 ton
100.0 watt,3. 5
16.0 gram,10 lbs
2400.0 millilitre,12 oz
9.0 inch,12 inches
640.0 millimetre,4 feet
10.0 inch,12 inches
34.0 centimetre,4 inches
4.8 gram,10 lbs
1080.0 gram,10 lbs
75.0 inch,6 inches
134.0 centimetre,2 feet
42.0 centimetre,6 feet
30.0 centimetre,6 inches
300.0 gram,10 lbs
10.0 centimetre,10 feet
2.0 ounce,0
270.0 gram,10 lbs
16.0 kilogram,12 ounces
6.6 centimetre,12 inches
10 kilogram to 20 kilogram,10 lbs
150.0 millimetre,6 inches
100.0 watt,100
1.0 inch,6 inches
30.0 inch,10 feet
5.47 inch,6 inches
90.0 microgram,10 lbs
10.0 millilitre,1
100 gram,10 oz
50.0 gram,10 oz
6.9 inch,6 inches
47.2 inch,6 inches
153.0 centimetre,10 feet
24.0 centimetre,6 inches
15.0 inch,6 inches
136.0 gram,10 lbs
30 gram,10 lbs
10.0 centimetre,6 inches
17.5 centimetre,12 inches
180.0 gram,10 oz
1.9 inch,6 inches
40.0 gram,10 lbs
4.3 inch,6 inches
40.0 pound,10 lbs
1.5 kilogram,10 lbs
7.08 inch,10 inches
180.0 millimetre,6 inches
567 gram,5 pounds
80.0 gram,100 lbs
100.0 millilitre,10 oz
1000.0 watt,10000
4.5 inch,5 feet
13.0 millimetre,6 inches
250.0 milligram,100 lbs
12.0 centimetre,10 inches
20.0 gram,20 oz
"[220.0, 240.0] volt",500w
23.0 centimetre,10 inches
127.0 millimetre,12 inches
360 gram,100 lbs
2022.0 gram,10 lbs
100.0 millimetre,6 inches
14.0 inch,8 feet
340.0 gram,10 lbs
300 gram,10 lbs
2.5 metre,6 inches
8.3 inch,3 feet
6.3 inch,12 inches
3.5 centimetre,6 inches
230.0 gram,1. 5 lbs
39.0 inch,6 feet
5.5 inch,5 feet
85.0 centimetre,10 inches
5.5 pound,10 lbs
9.29 inch,6 feet
33.86 inch,12 inches
82.0 millimetre,10 inches
20.86 inch,10 feet
15.0 gram,100 pounds
65.0 centimetre,10 feet
100 gram,10 lbs
60.0 centimetre,10 feet
70 gram,5 lbs
500.0 milligram,10 lbs
31.5 inch,10 feet
7.6 gram,10 lbs
25.0 microgram,200 lbs
20.0 inch,10 feet
2000.0 milligram,5 lbs
60.0 millilitre,10
350.0 watt,10. 5
1.6 kilogram,10 lbs
24.0 inch,4 feet
200 gram,10 lbs
8.0 pound,100 lbs
100.0 watt,10. 5
5.2 centimetre,6 inches
1.0 gram,100 pounds
22377.0 pound,100 pounds
3.82 volt,1. 5
250.0 gram,200 lbs
30.0 inch,6 inches
34.5 centimetre,6 inches
3.2 centimetre,10 inches
20.0 ounce,10 lbs
34.0 centimetre,6 inches
1.9166666666666665 volt,0
900 gram,200 lbs
20.0 inch,6 inches
50.0 gram,10 oz
24.0 inch,6 feet
25.0 centimetre,it ' s upside down
350.0 millimetre,10 feet
5.0 gram,10 pounds
8.45 inch,6 inches
1000.0 gram,100 lbs
54.0 inch,6 inches
46.5 inch,6 inches
80.0 millimetre,10 inches
"[1.0, 3.0] gram",10 oz
28.0 watt,1. 5 hours
15.0 centimetre,10 feet
11.0 centimetre,10 feet
120.0 gram,20 lbs
82.0 milligram,15 lbs
8.0 foot,12 inches
85.0 gram,5 lbs
100.0 gram,10 oz
30.0 centimetre,12 inches
50.0 millilitre,2
49.0 millimetre,6 inches
63.0 inch,12 inches
45.0 centimetre,6 inches
1011121802.0 gram,1 ton
107.0 centimetre,6 inches
3.0 inch,6 inches
30.0 millilitre,10
3.7 inch,10 feet
500 gram,10 lbs
1 gram,10 pounds
2.8 centimetre,6 inches
0.63 kilogram,100 lbs
179.0 milligram,8 oz
3.0 ounce,10 lbs
120.0 gram,10 oz
538 gram,10 oz
1.7 ounce,10 lbs
30.0 centimetre,6 inches
65.0 centimetre,6 inches
81.4 inch,6 inches
110.0 gram,100 lbs
1.62 fluid ounce,2. 5
46.0 inch,6 inches
8.7 inch,7 feet
28300.0 gram,10 lbs
54.0 inch,10 inches
8.0 fluid ounce,25
72.0 gram,10 oz
118.0 millilitre,15
17.0 centimetre,6 inches
85.0 millimetre,6 inches
290.0 gram,1. 5 lbs
16.8 gram,10 lbs
15.0 centimetre,10 feet
24.0 inch,4 feet
43.7 gram,35 cm
145.0 millimetre,6 inches
3.11 inch,6 inches
5.0 gram,10 lbs
1300.0 milligram,200 lbs
23.0 centimetre,12 inches
150.0 kilogram,100 lbs
8.0 centimetre,6 feet
28.0 inch,10 feet
6.92 inch,12 inches
220.0 pound,200 lbs
30.0 centimetre,6 inches
12.79 pound,150 lbs
12.0 volt,1. 5
4.0 centimetre,10 feet
9.3 centimetre,6 inches
7.0 centimetre,12 inches
2 kilogram,2 tons
240.0 centimetre,6 inches
10.0 millilitre,10
19.0 centimetre,10 inches
36.0 gram,10 oz
110.0 millimetre,10 inches
36.0 volt,100
23.49 centimetre,12 inches
4.9 inch,12 inches
2.5 gram,10 pounds
500 gram,5 pounds
12.5 inch,6 inches
145.0 watt,1500
47.0 ounce,10 lbs
180.0 gram,0
3000.0 watt,120
15.7 centimetre,6 inches
12.0 centimetre,6 inches
6.0 centimetre,6 inches
18.0 centimetre,12 inches
100 gram,5 lbs
40.0 centimetre,6 inches
435 gram,10 lbs
16.0 centimetre,10 feet
3.0 kilogram,10 oz
12.9 inch,6 inches
2.0 inch,3 inches
200 gram,200 lbs
3.8 volt,1. 5
0.5 kilogram,10 lbs
47 gram,200 lbs
1.0 pound,10 lbs
9 pound,10 lbs
7.9 inch,6 inches
1 gram,10 lbs
23.5 centimetre,6 inches
110.0 centimetre,10 feet
10.0 millimetre,2 feet
7.0 inch,6 inches
4.0 inch,10 inches
48.0 centimetre,10 inches
30.0 inch,10 feet
3.3 inch,6 inches
195.0 millimetre,10 inches
1.7 fluid ounce,1. 5
11.6 ounce,5 lbs
34.92 centimetre,10 feet
15.0 centimetre,15 inches
20.0 kilogram,10 lbs
5 kilogram,5 lbs
6.0 centimetre,6 inches
180.0 centimetre,10 feet
3.7 inch,12 inches
2.0 centimetre,12 inches
166.0 millimetre,12 inches
327.0 milligram,5 pounds
65.0 centimetre,3 feet
3.46 ounce,10 lbs
50.0 millilitre,1. 5
80.4 gram,100 lbs
25.0 centimetre,6 inches
77.0 centimetre,6 feet
480.0 gram,10 lbs
23.0 centimetre,6 inches
300.0 gram,10 oz
200.0 millilitre,6
8.5 inch,6 inches
27.0 centimetre,6 inches
58.0 centimetre,6 inches
65.0 milligram,10 lbs
270.0 milligram,10 lbs
16.0 centimetre,6 inches
47.0 centimetre,12 inches
110.0 watt,100
17.6 ounce,1. 5 lbs
42.0 centimetre,10 inches
50.0 gram,10 oz
200.0 centimetre,10 feet
"[6.0, 8.0] fluid ounce",10 oz
1.0 centimetre,10 inches
20.0 gram,10 lbs
11.5 centimetre,6 feet
5.3 gram,30 cm
3.85 inch,6 inches
200 gram,1. 5 lbs
1.0 centimetre,6 inches
2120 kilogram,100 lbs
50 gram,10 lbs
218.0 ton,10 lbs
38.0 inch,10 inches
23.0 centimetre,6 inches
165.0 centimetre,6 feet
150.0 gram,100 lbs
17.7 inch,6 inches
16.0 ounce,10 lbs
18.0 centimetre,6 inches
4.0 inch,6 inches
8.0 fluid ounce,25
2.88 inch,3 feet
57.0 gram,10 lbs
57.0 millimetre,5 feet
3.14 inch,6 inches
201.0 gram,5 lbs
72.0 inch,7 feet
40.0 gram,100 lbs
4.0 gram,0. 5 lbs
32.0 ounce,10 lbs
454 gram,10 lbs
18.0 watt,10. 5
4.2 centimetre,6 inches
105 kilogram,100 lbs
3.42 inch,3 inches
1.9 inch,12 inches
2.0 gram,100 lbs
28.5 kilogram,200 lbs
6.3 inch,6 inches
1 kilogram,1. 5 kg
90.0 centimetre,6 inches
3.0 foot,it is made of metal
21.0 centimetre,6 inches
5.5 centimetre,12 inches
100 kilogram,100 lbs
500 gram,10 lbs
230.0 volt,0
8.0 inch,6 inches
28.5 centimetre,tall
6.2 inch,10 inches
6.0 centimetre,6 inches
750.0 milligram,low in calories
8.5 inch,6 inches
10.0 gram,100 pounds
24.01 inch,6 feet
125.0 gram,100 pounds
1000 gram,10 oz
11 kilogram,10 lbs
17.6 ounce,10 lbs
40.0 gram,6 oz
50.0 gram,5 pounds
100.0 centimetre,10 inches
84.0 gram,10 lbs
4.1 inch,6 inches
21.0 centimetre,6 inches
500 gram,500 lbs
500 gram,100 lbs
32.0 gram,1. 5 kg
30.0 millimetre,6 inches
19.4 centimetre,6 feet
105.0 millimetre,12 inches
49.1 centimetre,10 inches
4.0 gram,10 lbs
25.0 kilogram,10 lbs
1000.0 milligram,10 lbs
0.63 inch,12 inches
9.0 gram,10 lbs
1.0 fluid ounce,10 oz
220 gram,25 cm
61.0 millimetre,3 feet
53.0 centimetre,6 inches
22.0 gram,10 lbs
4.0 ton,10 lbs
4.0 gram,100 lbs
13.0 inch,6 inches
40.25 inch,6 feet
3.94 gram,300 lbs
20 gram,10 lbs
500.0 gram,500 lbs
35.5 centimetre,6 inches
31.8 inch,10 feet
12.5 centimetre,6 inches
1000.0 milligram,100 lbs
172 gram,100 lbs
13.5 centimetre,6 inches
9.0 gram,10 oz
900.0 milligram,10 oz
24.0 volt,0
61.0 centimetre,6 inches
120.0 millimetre,6 inches
4.0 gram,5 pounds
11.5 fluid ounce,1. 5
227 gram,10 oz
3.8 kilowatt,2. 5 mpg
20.0 centimetre,6 inches
10.0 centimetre,10 inches
9.0 inch,10 inches
6.0 volt,0
4.5 pound,5 pounds
4.0 gram,10 lbs
20.0 inch,6 inches
60.0 watt,1. 5
12.0 ounce,10 lbs
550.0 pound,10 lbs
13.0 millimetre,10 inches
482.6 millimetre,10 feet
240.0 centimetre,6 inches
110.0 centimetre,it ' s made of plastic
12.0 millimetre,12 inches
30 gram,10 lbs
13.0 centimetre,3 feet
"[220.0, 240.0] volt",0
29.9 gram,25 pounds
48.0 volt,0
30.5 centimetre,10 inches
4730.0 milligram,3. 5 kg
12.0 watt,100w
9.0 centimetre,10 inches
398.0 gram,300 lbs
13.0 gram,1. 5 lbs
40.5 centimetre,10 feet
2.5 gram,30 lbs
672 gram,200 lbs
31100.0 volt,0
100.0 millilitre,10
11.7 gram,10 pounds
10.0 gram,10 lbs
40.0 litre,25
220.0 gram,100 lbs
35.3 ounce,5 pounds
1.46 kilogram,20 lbs
108.0 millimetre,12 inches
511.5 millimetre,6 inches
20.5 inch,10 feet
"[395.0, 410.0] gram",10 lbs
200 gram,1. 5 lbs
2.0 gram,6 oz
60.0 gram,10 lbs
100 gram,10 oz
175.0 gram,10 lbs
50.0 millilitre,15
7.28 inch,6 inches
30.0 gram,5 lbs
120.0 centimetre,6 inches
33.0 gram,5 lbs
1.0 litre,20
8.66 inch,3 feet
14.8 gram,10 lbs
80.0 inch,6 feet
15.0 millimetre,6 inches
330.0 pound,100 lbs
400.0 gram,20 lbs
70.0 millimetre,8 inches
150.0 pound,5 pounds
24.0 volt,4
100 gram,10 oz
47.0 centimetre,12 inches
5.0 kilogram,10 lbs
10 pound,10 lbs
10.0 millilitre,10
2.0 inch,6 inches
51.5 ton,100 lbs
33.0 centimetre,12 inches
304.0 millimetre,6 inches
12.0 volt,1. 5
20 kilogram,10 lbs
600.0 watt,2000
52.0 gram,25 pounds
14.0 inch,6 inches
50.0 kilogram,50 pounds
40.0 centimetre,6 inches
45.0 centimetre,6 inches
26.77 inch,6 inches
115.0 centimetre,12 inches
18.0 centimetre,6 feet
1600.0 milligram,100 lbs
505.0 millimetre,6 inches
3.28 inch,3 feet
13.0 inch,12 inches
0.34 fluid ounce,10 oz
16.9 fluid ounce,15
2.0 gram,10 lbs
31.0 gram,3. 5 lbs
500 gram,10 lbs
500.0 gram,200 lbs
500.0 gram,10 oz
10.8 inch,10 inches
6.0 centimetre,6 inches
30.0 gram,30 cm
76.0 centimetre,4 feet
12.0 centimetre,12 inches
38.0 millimetre,6 inches
180.0 centimetre,6 feet
1908.0 decilitre,10
172.0 centimetre,12 inches
3.0 foot,6 inches
12.0 volt,0
55.0 millimetre,6 inches
100.0 gram,5 lbs
19.0 inch,6 inches
1000.0 milligram,100 lbs
8.0 gram,100 pounds
59.0 gram,10 oz
30.0 centimetre,6 inches
46.0 millimetre,short
8.0 pound,10 lbs
23.0 volt,0
14.0 centimetre,6 inches
15.7 inch,6 inches
8.2 centimetre,6 inches
200 gram,200 lbs
183.0 centimetre,10 feet
1 gram,10 lbs
240.0 gram,10 lbs
25.0 centimetre,6 inches
160.0 gram,100 lbs
23.5 gram,10 oz
18.0 centimetre,6 inches
78.0 centimetre,10 feet
10.5 centimetre,10 inches
180.0 gram,10 oz
1948.0 decilitre,no idea
6 pound,100 lbs
13.0 centimetre,6 inches
32.0 centimetre,6 inches
516.0 gram,10 lbs
0.8 inch,12 inches
297.0 millimetre,6 inches
4.0 gram,10 lbs
16.4 centimetre,6 inches
9.0 centimetre,5 inches
68.0 centimetre,6 inches
25.0 centimetre,10 feet
67.0 inch,10 feet
15.0 gram,100 pounds
9.4 inch,6 inches
4.6 gram,200 lbs
1.5 inch,10 feet
32.5 centimetre,10 feet
80 gram,10 lbs
142.0 gram,100 lbs
3.0 inch,3 feet
1908.0 decilitre,1. 5
32.0 ounce,10 oz
12.0 centimetre,6 inches
4.6 inch,6 feet
57.0 centimetre,6 inches
13.5 gram,10 lbs
240.0 volt,10 volt
30.5 centimetre,10 inches
290.0 gram,10 oz
2 kilogram,10 lbs
7.0 inch,6 inches
27.0 centimetre,10 feet
6.0 centimetre,6 inches
1.97 inch,6 inches
14.4 inch,4 feet
250.0 centimetre,2 feet
2.0 pound,10 lbs
1.0 ounce,1 ton
1000.0 milligram,10 lbs
10.0 kilogram,10 lbs
0.47 kilogram,10 lbs
22.0 inch,10 feet
33.0 centimetre,3 feet
9.5 centimetre,6 inches
250 gram,10 lbs
20.0 centimetre,10 inches
2.0 gram,10 oz
7 gram,10 lbs
1009.0 gram,10 oz
90.0 gram,10 oz
15.75 inch,15 inches
330.0 pound,300 lbs
24.0 inch,10 inches
250.0 gram,10 lbs
15.0 centimetre,6 feet
95.0 millimetre,4 inches
8.0 inch,6 inches
15.6 inch,1 foot
11.0 centimetre,10 inches
15.8 gram,1. 5 lbs
75.0 centimetre,10 inches
94.0 volt,0
17.0 inch,1 foot
500 gram,300 lbs
14.5 centimetre,6 inches
60.5 centimetre,8 inches
74.0 ounce,1. 5 lbs
300 gram,10 lbs
5.5 inch,3 feet
15.6 gram,100 pounds
10.75 inch,10 inches
2.1 gram,100 lbs
50.0 gram,10 lbs
3.54 inch,6 inches
20.0 centimetre,6 inches
70.0 centimetre,6 feet
130.0 centimetre,10 inches
18.5 millimetre,4 inches
30.48 centimetre,12 inches
201.5 centimetre,10 feet
203.0 centimetre,6 inches
110.0 gram,10 lbs
10.75 inch,10 inches
28.35 inch,10 feet
100.0 gram,10 oz
175.0 centimetre,tall
127.0 millimetre,10 feet
1.0 pound,10 lbs
25.0 gram,25 oz
1.5 inch,10 inches
180.0 millimetre,6 inches
1.3 inch,3 inches
650.0 millimetre,6 feet
123.0 centimetre,10 feet
4.2 kilogram,heavy
22.5 centimetre,6 inches
4.0 metre,3 inches
4.0 inch,6 inches
11.0 centimetre,6 inches
9.0 inch,6 inches
10.0 gram,100 lbs
2.2 pound,10 lbs
22.5 inch,10 feet
19.6 gram,150 pounds
2.8 metre,6 inches
19.3 inch,12 inches
1.6 ton,10 lbs
10.0 centimetre,10 inches
67.0 millimetre,6 inches
42.5 centimetre,15 inches
115.0 millilitre,10
12.5 centimetre,6 inches
100.0 milligram,10 oz
58.0 millimetre,6 inches
0.24 fluid ounce,8
1.0 kilogram,100 pounds
37.0 centimetre,10 inches
250 milligram,200 lbs
200.0 milligram,100 pounds
1.0 ounce,10 lbs
12.0 inch,6 inches
300 gram,10 oz
"[220.0, 240.0] volt",0
96.0 centimetre,10 feet
2.0 ton,10 oz
4.0 gram,10 lbs
2.62 inch,6 inches
19.0 centimetre,very long
800 gram,10 oz
10.0 inch,6 inches
15.2 inch,6 inches
2 kilogram,100 lbs
9.0 centimetre,6 inches
360.0 gram,10 lbs
750.0 gram,200 lbs
0.11 milligram,10 lbs
42.0 centimetre,12 inches
55.0 centimetre,6 inches
168.0 gram,10 lbs
15.0 centimetre,6 inches
3.5 ounce,100 lbs
10.5 centimetre,12 inches
120.0 volt,0
1.0 kilogram,30 lbs
40.0 gram,20 lbs
1 kilogram,10 lbs
1.8 pound,14 inches
25.0 inch,6 inches
62.0 gram,5 lbs
11.8 inch,10 feet
37.5 gram,100 lbs
13.4 centimetre,6 inches
10.0 kilogram,10 lbs
20 gram,10 lbs
55.0 watt,5. 5
37.0 inch,12 inches
0.95 kilogram,10 oz
15.0 centimetre,10 inches
20.0 centimetre,6 inches
13.0 centimetre,12 inches
10.0 kilogram,5 lbs
80.0 milligram,500 lbs
11.0 inch,6 inches
10.5 centimetre,10 inches
11.5 centimetre,6 inches
67.0 centimetre,6 inches
22.0 centimetre,6 inches
35046000000.0 ton,10 lbs
19.3 gram,9. 5
12.0 ounce,10 lbs
1154.0 watt,15. 5
3.549 gram,10 lbs
0.27 ounce,12 oz
24.0 volt,60w
100.0 millilitre,1. 5
48.2 gram,10 lbs
30.5 centimetre,10 inches
11.4 centimetre,6 inches
5.92 fluid ounce,10 oz
2.0 foot,6 inches
1.35 ounce,10 oz
330.0 millilitre,30
80 gram,10 oz
79.0 centimetre,6 inches
4.9 centimetre,10 feet
500.0 gram,10 pounds
1.65 kilogram,100 lbs
450 gram,10 lbs
130.0 kilogram,5 lbs
9.5 centimetre,6 inches
25.0 centimetre,6 inches
90.0 millilitre,10
5.5 centimetre,3 feet
80.0 centimetre,6 inches
35.0 centimetre,6 inches
7.0 inch,6 inches
220.0 volt,100
530.0 gram,6 inches
38.0 centimetre,6 inches
10 kilogram,10 oz
140.0 centimetre,10 feet
2.0 inch,10 inches
90.0 gram,10 oz
32.0 milligram,200 lbs
9.53 inch,6 feet
14.0 inch,10 feet
71.0 centimetre,10 feet
16.0 ounce,10 lbs
2.0 ounce,10 lbs
71.0 millimetre,6 inches
10.0 gram,5 lbs
20.4 inch,10 feet
2 gram,10 lbs
"[85.0, 265.0] volt",light bulb is off
303.0 millimetre,6 inches
150.0 gram,100 lbs
4.9 inch,6 feet
12.0 milligram,100 lbs
120.0 gram,100 lbs
12.0 volt,1. 5
"[30.0, 50.0] pound",200 lbs
1000.0 pound,100 lbs
7.36 gram,25 lbs
167.0 centimetre,6 feet
500.0 millilitre,0
9.0 inch,6 inches
2 kilogram,10 lbs
27.6 centimetre,10 feet
100.0 gram,100 lbs
120.0 gram,10 pounds
57.0 gram,10 lbs
195.0 gram,10 lbs
11.81 inch,6 inches
14.6 inch,5 feet
0.67 inch,6 inches
8888888888.0 microgram,10 lbs
1000.0 milligram,100 lbs
14.0 centimetre,10 inches
80.0 millimetre,6 inches
800 pound,100 lbs
50.0 centimetre,6 inches
36.0 gram,100 lbs
110.0 millimetre,10 inches
23.0 centimetre,6 inches
7.1 inch,6 feet
3.09 pound,200 lbs
8.89 ounce,10 lbs
13.4 inch,12 inches
286 pound,200 lbs
13 kilogram,5 lbs
3.9 inch,6 inches
65.0 gram,5 lbs
54.0 gram,1000 lbs
2.0 inch,3 feet
2.1 kilogram,300 lbs
220.0 gram,200 lbs
28.0 centimetre,6 inches
59.0 kilogram,10 lbs
10.0 pound,25 pounds
11.5 centimetre,12 inches
4.0 watt,2000
9.0 inch,10 feet
60.0 millimetre,12 inches
32.0 centimetre,10 feet
17.0 kilogram,200 lbs
100 gram,10 lbs
120.0 gram,10 oz
21.0 centimetre,6 inches
4.0 inch,1 foot
5.0 centimetre,10 inches
80.0 millimetre,10 feet
3.1 inch,6 inches
27.0 gram,5 pounds
200.0 gram,10 oz
17.7 inch,10 inches
25.0 inch,6 feet
148.0 millimetre,6 inches
5.0 volt,100
18 gram,180
"[20.0, 60.0] pound",10 lbs
1.1 centimetre,6 inches
72.0 millimetre,6 inches
66.0 gram,0
6.25 inch,12 inches
500.0 milligram,500 lbs
0.3 kilogram,10 pounds
16.0 centimetre,6 inches
7.0 inch,6 inches
250.0 gram,100 lbs
14.2 inch,4 feet
4.0 ounce,10 lbs
17.8 gram,10 pounds
9.0 inch,6 inches
7.0 centimetre,6 feet
1.04 candela,10 oz
120.0 milligram,10 oz
6.0 centimetre,6 inches
250.0 gram,10 oz
41.0 centimetre,6 inches
106.0 gram,100 lbs
5.0 kilogram,10 lbs
50 gram,10 lbs
45.0 centimetre,6 inches
0.38 kilogram,10 lbs
24.0 centimetre,12 inches
4.6 kilogram,6 inches
2.6 inch,6 inches
8.14 inch,6 inches
220.0 volt,120 volts
0.62 litre,10 oz
10.35 kilogram,100 lbs
11.0 centimetre,6 inches
7.2 foot,6 inches
19.0 inch,6 inches
20.0 centimetre,3 feet
207.0 centimetre,10 inches
1.48 inch,10 inches
37.0 inch,8 feet
1.25 inch,6 inches
5.7 inch,6 inches
2.0 metre,10 feet
7.0 centimetre,6 inches
7.0 gram,10 lbs
"[380.0, 415.0] volt",0
1 kilogram,100 lbs
33.5 inch,12 inches
42.0 gram,5 lbs
178.0 centimetre,10 inches
25.4 centimetre,10 inches
31.5 inch,3 feet
51.0 gram,25 pounds
120.0 volt,0
2.0 gram,100 lbs
34.5 gram,100 pounds
15.0 centimetre,6 inches
106.0 centimetre,10 inches
8.8 pound,10 lbs
29.0 ton,100 lbs
3.58 inch,6 inches
17.7 inch,10 inches
3.83 gram,3. 5 lbs
4.0 gram,100 lbs
2.0 fluid ounce,2
8.0 gram,10 lbs
1.39 pound,14 inches
45.0 centimetre,10 inches
2.8 inch,6 inches
3.8 inch,12 inches
36.0 inch,6 inches
242.0 gram,10 lbs
1.0 inch,3 feet
68.0 millimetre,10 feet
19.5 centimetre,7 feet
30.0 centimetre,3 feet
11.8 inch,10 inches
4.0 millimetre,6 feet
2.4 inch,6 inches
9.0 centimetre,6 inches
0.7 ounce,10 lbs
250.0 centimetre,3 feet
8.0 ounce,10 lbs
250.0 gram,5 lbs
6.5 kilogram,200 lbs
454 gram,4. 5 lbs
20.0 pound,10 lbs
7.55 ounce,10 oz
0.95 kilogram,10 lbs
113.0 gram,10 lbs
"[3.5, 9.0] volt",3. 5
28.0 millimetre,10 inches
1.47 inch,2 feet
5.0 volt,350
15.5 centimetre,3 inches
6.5 centimetre,6 inches
2.0 inch,6 inches
208.0 millimetre,3 feet
9.4 gram,4. 5 lbs
148.0 millimetre,10 feet
71.5 centimetre,6 inches
18.4 centimetre,6 inches
2284.0 watt,2300
44 pound,100 lbs
6.0 gram,10 lbs
7.7 inch,10 inches
0.66 inch,10 inches
56.7 ton,10 oz
200.0 millimetre,6 inches
0.3333333333333333 pound,3 lbs
885.0 gram,200 lbs
0.88 pound,300 lbs
46.0 centimetre,10 inches
25 gram,10 lbs
23.62 inch,10 feet
12.0 volt,2. 5
5.4 centimetre,10 inches
2.8 inch,6 inches
4.9 inch,12 inches
29.9 centimetre,6 inches
28.5 centimetre,10 feet
64.0 centimetre,15 inches
8.4 gram,6 inches
52.0 centimetre,12 inches
25.0 centimetre,12 inches
80.0 watt,100
3.1 gram,10 pounds
25.0 millimetre,3 inches
200.0 gram,200 lbs
10.0 centimetre,10 inches
18.0 kilogram,10 lbs
50 gram,10 oz
5.0 fluid ounce,10 ounces
0.7 inch,10 feet
20.0 centimetre,8 inches
4.7 inch,12 inches
14.2 inch,10 feet
220.0 volt,0
1.0 watt,100w
7.0 millimetre,10 feet
12.0 ounce,10 lbs
2.0 fluid ounce,1. 5
165.0 millimetre,10 inches
45.0 gram,1. 5 lbs
40.0 millimetre,6 inches
15.0 centimetre,6 inches
4.11 inch,10 inches
200.0 centimetre,6 inches
100.0 centimetre,6 feet
2.0 metre,6 inches
250.0 gram,250 ml
6.5 centimetre,6 inches
32.0 gram,10 lbs
84.0 centimetre,10 feet
32.0 centimetre,12 inches
1.0 milligram,100 lbs
0.6 watt,10000
4.0 inch,4 inches
6.6 pound,60 lbs
33.0 centimetre,10 feet
500.0 microgram,100 lbs
200 gram,10 oz
45.0 centimetre,10 feet
3.35 inch,12 inches
650.0 gram,10 lbs
92.0 centimetre,6 inches
48.0 millimetre,10 inches
3.0 inch,6 inches
3.7 centimetre,15 inches
7.0 ounce,5 pounds
18.5 inch,6 inches
180.0 milligram,100 lbs
400 gram,10 lbs
30.0 gram,10 oz
40.0 centimetre,6 inches
65.0 watt,60
11.0 centimetre,12 inches
120 gram,10 lbs
360.0 gram,10 lbs
2.88 kilogram,10 lbs
20.0 watt,1. 5
0.79 inch,6 feet
65.0 centimetre,6 inches
36.0 volt,0
25.0 centimetre,6 inches
3.0 gram,50 lbs
1000.0 milligram,100 pounds
40.0 milligram,200 lbs
400.0 milligram,200 lbs
43.0 centimetre,6 inches
79.5 centimetre,8 feet
94.0 millimetre,12 inches
33.0 millimetre,6 inches
19.0 centimetre,vase is made of ceramic
3.07 inch,10 feet
5.0 milligram,10 lbs
55.0 centimetre,6 feet
5.0 volt,0
77.0 millimetre,7 inches
82.0 centimetre,10 feet
2.52 inch,6 inches
1.6 inch,10 feet
20.0 kilogram,10 lbs
73.0 centimetre,6 inches
30.0 centimetre,6 inches
2.0 ton,10 oz
75.0 centimetre,10 inches
6.0 kilogram,10 lbs
1.4 gram,10 lbs
"[15.0, 19.0] kilogram",10 lbs
100.0 centimetre,3 feet
22.3 gram,25 cm
90.0 gram,100 lbs
16.0 gram,200 lbs
608 milligram,10 lbs
120.0 millimetre,12 inches
65.0 centimetre,10 inches
60.0 watt,10. 5
1.0 litre,1. 5
500.0 gram,20 lbs
24.0 centimetre,6 inches
500.0 watt,150w
15.0 gram,10 oz
12.5 centimetre,6 inches
8.0 kilogram,100 lbs
97.3 centimetre,6 feet
135.0 centimetre,6 inches
5.0 kilogram,10 lbs
3.3 pound,100 lbs
24.0 inch,6 inches
31.0 gram,100 pounds
45.5 millimetre,10 inches
1 gram,100 lbs
36.0 millimetre,6 inches
80 gram,10 lbs
48.0 volt,4. 5
203.0 centimetre,6 inches
3.0 gram,10 lbs
6.9 inch,5 feet
3.75 inch,3 feet
240.0 gram,100 lbs
63 gram,1. 5 kg
2.0 ton,0
10.0 microgram,10 oz
152.0 centimetre,10 feet
20.2 centimetre,8 inches
11.5 centimetre,10 inches
9.0 centimetre,12 inches
70.0 centimetre,6 inches
25.0 gram,10 lbs
9000 gram,100 lbs
80 gram,1. 5 lbs
1.0 ton,10 lbs
16.0 ounce,100 lbs
11.0 centimetre,6 inches
62.0 centimetre,10 feet
5.31 gram,5 lbs
120.0 gram,100 pounds
10.0 inch,6 feet
18.0 centimetre,12 inches
8.6 centimetre,6 feet
37.4 inch,6 inches
30.5 centimetre,5 feet
100.0 gram,100 lbs
0.98 inch,6 inches
50.0 centimetre,10 inches
600.0 gram,100 lbs
120.0 millimetre,10 feet
8.0 centimetre,6 feet
45.0 centimetre,6 inches
3.0 watt,10. 5
110.0 kilogram,10 lbs
1.61 inch,12 inches
150.0 millimetre,10 feet
9.0 milligram,10 lbs
5.0 gram,5 lbs
180.0 centimetre,10 feet
22.0 pound,100 pounds
36.6 gram,6 inches
250.0 gram,100 lbs
100.0 watt,10. 5
10.0 inch,6 inches
370.0 gram,10 oz
17.0 centimetre,10 inches
20.0 gram,200 pounds
5.5 inch,6 inches
4.0 foot,6 inches
6.1 inch,6 inches
100.0 watt,100
32.0 centimetre,3 feet
9.8 inch,12 inches
8.0 gram,8 inches
5.4 gram,4. 5
2.5 pound,1. 5 lbs
250.0 gram,20 lbs
25.0 millimetre,6 inches
178.0 centimetre,10 inches
3.07 inch,6 inches
73.0 centimetre,10 feet
100 kilogram,100 lbs
0.35 inch,6 inches
220.0 gram,6 ounces
590.0 gram,3. 5 kg
53.0 millimetre,5 feet
29.92 inch,6 feet
9.5 centimetre,5 feet
12.0 inch,12 inches
3.5 millimetre,3 feet
1 kilogram,10 oz
1.2 litre,16 oz
25.0 centimetre,6 inches
20.0 centimetre,12 inches
8.0 gram,100 lbs
20.0 centimetre,12 inches
13186768.0 gram,1. 5 kg
17.5 gram,150 lbs
72.0 inch,6 inches
18.0 centimetre,6 inches
39.0 millimetre,6 inches
0.76 kilogram,10 lbs
20.1 gram,200 lbs
2.5 gram,5 lbs
100 kilogram,100 lbs
10.0 inch,10 inches
20.0 centimetre,6 inches
411 gram,10 oz
46 kilogram,100 lbs
3.8 centimetre,8 feet
250.0 gram,5 lbs
3.0 centimetre,3 feet
8.0 centimetre,6 inches
2.2 gram,10 pounds
5.5 inch,6 inches
67.0 millimetre,6 inches
30.0 centimetre,3 inches
352.0 ton,0. 00
31.0 gram,10 lbs
650.0 millimetre,10 feet
90.0 centimetre,it ' s made of cloth
12.5 inch,6 inches
110.0 gram,10 lbs
160.0 gram,10 pounds
30.0 centimetre,10 inches
100 kilogram,100 lbs
20.0 centimetre,10 inches
145.0 millimetre,6 inches
150.0 gram,10 lbs
90.0 millimetre,10 inches
3.1 inch,6 inches
29.0 centimetre,12 inches
4.02 inch,10 feet
1 kilogram,1. 5 kg
285 gram,10 oz
3.94 inch,6 inches
550.0 gram,100 lbs
165.0 gram,100 lbs
240.0 inch,10 feet
33.6 gram,150 pounds
11.0 gram,100 lbs
3.0 centimetre,10 feet
16.5 gram,5 lbs
3.9 inch,12 inches
60.0 gram,10 lbs
45.0 kilogram,0
3.53 ounce,10 lbs
14.0 centimetre,6 inches
1000.0 milligram,100 lbs
35.0 centimetre,6 inches
7.0 centimetre,6 inches
5.31 inch,6 inches
30 gram,5 lbs
114.0 gram,10 oz
110.0 centimetre,10 inches
18.0 gram,10 lbs
12.0 ounce,100 lbs
18.0 millimetre,10 feet
22.0 gram,100 lbs
300 pound,heavy
18.0 centimetre,12 inches
25.0 millilitre,no idea
40.0 centimetre,6 inches
500 pound,500 lbs
12.0 gram,10 lbs
60.0 centimetre,6 inches
44.0 pound,200 lbs
250.0 millilitre,10
130.0 centimetre,10 inches
10.5 centimetre,6 inches
24.0 watt,25
2.0 milligram,2 tons
25.0 inch,2 feet
5.5 inch,10 feet
9.2 centimetre,6 inches
2.0 fluid ounce,2
2.95 inch,6 inches
0.78 inch,12 inches
2.2 pound,heavy
6.0 gram,10 lbs
2 kilogram,100 lbs
305.0 millimetre,6 feet
340.0 gram,8 oz
115.5 millimetre,6 inches
100 gram,10 lbs
8.66 inch,10 inches
210.0 gram,10 lbs
27.55 inch,12 inches
7.55 inch,10 inches
"[200.0, 240.0] volt",110v
2.12 ounce,10 lbs
25.0 centimetre,12 inches
9.9 pound,200 lbs
31.5 centimetre,10 inches
2.0 litre,3
80.0 centimetre,12 inches
250.0 millimetre,2 feet
5.5 inch,6 inches
2.0 gram,10 lbs
230.0 millimetre,4 feet
750.0 milligram,5 lbs
500.0 watt,100 miles per hour
500.0 litre,1. 5
20.0 gram,200 lbs
37.0 millimetre,6 inches
8.65 inch,6 inches
20.0 centimetre,12 inches
24.5 centimetre,6 inches
5.5 inch,6 inches
120.0 kilogram,200 lbs
45.0 centimetre,10 inches
36.5 millimetre,12 inches
6.0 centimetre,10 inches
4.84 inch,6 inches
1.0019851116625311 inch,6 inches
330.0 millimetre,6 inches
2.0 inch,6 inches
300.0 kilogram,300 lbs
85 gram,10 oz
62.0 millimetre,6 inches
85 gram,1. 5 kg
30.0 centimetre,6 inches
39.3 millimetre,6 inches
16.0 centimetre,4 inches
81.1 gram,10 lbs
15.8 centimetre,10 feet
50 gram,10 lbs
7.47 inch,10 inches
90.0 centimetre,6 inches
80.0 kilogram,100 lbs
0.3 ounce,10 lbs
4.0 watt,4. 5
300 gram,10 lbs
40.0 gram,200 lbs
0.7 kilogram,300 lbs
15.0 centimetre,10 feet
24.0 inch,6 inches
37.0 centimetre,12 inches
4.12 kilogram,10 lbs
115.0 millimetre,12 inches
8.47 inch,6 inches
20.5 gram,10 pounds
110.0 millimetre,6 inches
86.0 centimetre,10 feet
45.0 millimetre,8 inches
4.0 inch,10 inches
2.1 gram,10 lbs
18.0 kilogram,10 pounds
30.0 millilitre,5
6.09 inch,10 inches
243.0 gram,10 lbs
25.6 inch,6 inches
300.0 millilitre,4
4.0 centimetre,6 inches
27.5 millimetre,6 inches
21.0 centimetre,6 inches
2.54 millimetre,10 feet
"[25.0, 30.0] gram",10 pounds
5.0 gram,10 oz
9.0 watt,1. 5
10.0 ounce,1. 5 lbs
800.0 milligram,800 lbs
127.0 millimetre,6 inches
22.9 gram,5 lbs
14 gram,10 oz
4.0 inch,6 inches
40.0 centimetre,10 feet
200.0 milligram,200 lbs
1.12 kilogram,20 lbs
15936893.0 gram,100 lbs
0.1 kilogram,10 lbs
240.0 gram,10 lbs
205 gram,100 lbs
10.0 centimetre,6 inches
4.0 litre,5
200 gram,2000
17.0 inch,12 inches
6.0 gram,1. 5 lbs
8.5 inch,6 inches
28.5 centimetre,6 inches
3.0 centimetre,6 inches
"[6.0, 13.0] kilogram",10 lbs
35.5 centimetre,6 inches
90.0 millimetre,6 inches
2.4 ounce,1. 5 lbs
160.0 gram,10 oz
6.0 gram,10 pounds
1500.0 milligram,100 lbs
30.0 pound,10 lbs
2.0 gram,10 lbs
14.2 gram,10 oz
7.0 centimetre,12 inches
71.6 inch,6 inches
600.0 volt,100
16.0 ounce,100 lbs
29.0 inch,10 feet
1.1 pound,150 lbs
32.7 inch,5 feet
210.0 centimetre,6 feet
16.2 inch,6 inches
15.0 centimetre,6 inches
11.0 gram,10 pounds
1.0 inch,2 feet
9000.0 milligram,100 lbs
8.2 centimetre,6 inches
23.0 centimetre,2 feet
12.0 centimetre,6 inches
11.0 centimetre,6 inches
304.0 gram,10 lbs
75.0 gram,10 lbs
3.5 ounce,10 lbs
44.0 centimetre,12 inches
6.0 centimetre,6 inches
30.0 gram,10 oz
89.0 fluid ounce,10 ounces
9.75 inch,6 inches
400.0 pound,100 lbs
3.5 centimetre,10 feet
48.0 kilogram,100 pounds
6.3 inch,6 inches
85.0 gram,5 lbs
50 gram,200 lbs
1.5 inch,6 inches
1.0 pound,10 lbs
1.0 litre,6
10.5 inch,10 inches
1 kilogram,100 lbs
10.0 gram,10 oz
16.0 centimetre,10 inches
300.0 millilitre,10 oz
250.0 millilitre,0
75.0 centimetre,5 feet
0.76 pound,1. 5 lbs
1.0 ton,10 lbs
10.0 centimetre,6 inches
12.0 volt,1. 5
0.6 watt,100w
12.0 centimetre,12 inches
1.0 gram,10 lbs
80.0 millimetre,6 inches
1.8 inch,12 inches
60.0 centimetre,6 inches
12.5 centimetre,6 inches
12.0 centimetre,10 inches
1080.0 horsepower,1. 5
51.0 centimetre,10 inches
2.0 pound,10 lbs
3.0 inch,6 inches
140.0 millimetre,6 inches
13.8 centimetre,12 inches
7.8 inch,6 inches
8.0 gram,0
11.1 centimetre,6 inches
27.0 centimetre,6 inches
3.52 ounce,10 lbs
30.0 centimetre,6 inches
21.6 inch,8 feet
5 gram,10 lbs
35 gram,0
10.0 inch,6 inches
280.0 gram,200 lbs
11.0 centimetre,6 inches
13.0 inch,12 inches
31.5 inch,10 feet
3.75 inch,6 inches
200.0 gram,100 lbs
230.0 gram,10 lbs
23.0 gram,25 pounds
7.0 gram,10 pounds
135.0 centimetre,6 inches
32.0 ounce,100 lbs
190.0 centimetre,6 inches
52.0 centimetre,3 feet
25.0 centimetre,2 feet
23.0 centimetre,6 inches
1.9 pound,100 lbs
5.0 gram,0
55.0 inch,10 inches
9.0 inch,6 inches
28.0 centimetre,6 inches
28.5 centimetre,12 inches
2 kilogram,100 lbs
87.0 ounce,5 lbs
250.0 millilitre,1. 5
14.0 centimetre,10 feet
38 pound,200 lbs
50 gram,100 lbs
45.0 gram,5 pounds
2.0 pound,10 oz
39.4 inch,6 feet
17.5 centimetre,6 inches
865.0 gram,0
7.5 kilogram,10 lbs
33.0 centimetre,3 inches
0.5 milligram,100 lbs
8.0 gram,100 lbs
0.3 pound,1. 5 kg
6.9 inch,12 inches
15.0 gram,10 lbs
100 gram,1. 5 tons
5.4 inch,6 inches
10785.0 ton,1 ton
11.5 centimetre,6 inches
0.74 inch,12 inches
0.33 fluid ounce,10
140.0 watt,6. 5
30.0 millilitre,10
22.0 gram,150 lbs
108.0 inch,6 inches
224.0 gram,100 lbs
3.0 watt,10. 5
1.0 ounce,100 lbs
10.0 ounce,10 lbs
1.0 watt,11
100 gram,100 lbs
7.92 inch,6 inches
28.0 centimetre,10 feet
14.0 centimetre,6 inches
4.7 centimetre,6 inches
2017.0 gram,10 lbs
4.0 watt,0. 5
28.0 inch,12 inches
72.0 inch,12 inches
100.0 gram,100 pounds
50.0 millilitre,15
20.0 ounce,10 lbs
30.0 centimetre,6 inches
14.4 volt,0
0.25 inch,3 feet
48.0 volt,100 %
332.0 millimetre,2 feet
10.0 centimetre,10 feet
19.0 centimetre,12 inches
11.0 centimetre,6 inches
6.77 inch,6 inches
65.5 centimetre,4 feet
20.0 inch,10 inches
70.0 gram,100 lbs
56.0 gram,100 lbs
170.0 millimetre,10 inches
13.75 inch,10 inches
100 gram,100 lbs
30.0 gram,30 cm
41.0 centimetre,6 inches
230.0 gram,60 lbs
183.0 gram,1. 5 kg
350.0 watt,100 mph
85 gram,200 lbs
6.0 foot,6 inches
27.75 inch,6 inches
3.0 centimetre,6 feet
48.0 volt,4
17.0 centimetre,5 feet
93.0 centimetre,10 feet
100.0 gram,100 lbs
14.5 centimetre,10 inches
4.3 inch,6 inches
5.3 inch,6 inches
50.0 millimetre,6 inches
100.0 millilitre,3
220.0 volt,0
2.1 pound,10 lbs
4.62 inch,10 inches
300.0 kilogram,10 lbs
600.0 gram,10 lbs
6.0 centimetre,6 inches
30.0 centimetre,1 foot
25.0 centimetre,6 inches
54.0 gram,200 lbs
600.0 gram,200 lbs
1.7 ounce,1000 lbs
15.0 watt,1500
62.0 millimetre,6 inches
31.3 centimetre,6 inches
5.9 inch,6 inches
500.0 milligram,500 lbs
82.0 millimetre,6 inches
330.0 millimetre,3 feet
35.0 centimetre,15 inches
12.5 ounce,10 lbs
94.0 centimetre,10 inches
2.5 centimetre,3 feet
7.9 foot,6 inches
100.0 gram,10 lbs
33.0 gram,10 lbs
15.0 gram,100 lbs
0.4 pound,1. 5 kg
630.0 gram,no idea
8.86 inch,10 inches
1.0 milligram,10 lbs
21.0 gram,100 pounds
21.0 centimetre,6 inches
8.0 centimetre,6 feet
5.4 inch,3 feet
135.0 gram,150 lbs
26.0 centimetre,6 inches
38.0 centimetre,8 feet
16.0 centimetre,12 inches
3.0 foot,6 inches
52.0 centimetre,6 inches
960.0 horsepower,4. 5
5.0 centimetre,10 feet
15.0 centimetre,5 feet
7.0 pound,10 lbs
25.0 centimetre,6 inches
280.0 gram,100 lbs
37.0 millimetre,6 inches
6.0 gram,10 lbs
300 gram,10 oz
15.5 centimetre,10 inches
9.0 inch,6 inches
72.0 inch,10 feet
38.0 centimetre,6 inches
69.0 centimetre,10 feet
1.0 gram,10 lbs
20.0 milligram,20 lbs
4.0 inch,6 inches
19.7 inch,6 inches
13.3 gram,35 cm
87.0 inch,6 feet
92.0 millimetre,3 feet
8.5 centimetre,6 feet
49.0 kilogram,100 lbs
2.2 inch,6 inches
230.0 volt,1. 5
126.0 centimetre,10 feet
28.0 gram,5 lbs
8.0 ounce,3. 5 lbs
2.7 gram,10 lbs
40.5 millimetre,6 inches
141.7 gram,10 lbs
19.0 centimetre,12 inches
220 pound,200 lbs
30.0 centimetre,6 feet
60.0 watt,2000
4.0 pound,10 pounds
0.65 kilogram,6 oz
48.0 volt,42
4.8 centimetre,3 inches
10.0 inch,6 inches
70.0 inch,10 inches
5.48 inch,6 inches
18.0 watt,3. 5 hours
2000.0 gram,200 lbs
60.0 centimetre,6 inches
3.8 volt,0
500 gram,500 lbs
4.0 centimetre,10 inches
9.0 gram,10 pounds
29.5 centimetre,6 inches
43.0 inch,6 inches
8.0 centimetre,6 inches
1.5 kilogram,10 lbs
3.7 inch,6 inches
15.0 gram,10 oz
75.5 centimetre,6 inches
300.0 milligram,100 lbs
15.0 inch,6 inches
36.0 centimetre,4 feet
13.5 centimetre,10 inches
12.0 inch,12 inches
6.3 inch,6 inches
0.3 millimetre,3 feet
180.0 centimetre,6 inches
340.0 gram,10 lbs
33.2 inch,10 feet
30.0 millimetre,10 inches
10.2 inch,12 inches
16.5 inch,6 inches
25.98 inch,10 feet
117.0 centimetre,10 feet
5.0 gram,10 lbs
23.5 gram,10 oz
17.8 centimetre,6 feet
5.7 centimetre,6 inches
220.0 volt,0
4000.0 watt,10. 5
70 gram,6 oz
300 gram,100 lbs
12.4 centimetre,12 inches
10000.0 milligram,100 lbs
60.0 watt,6. 5
370.0 centimetre,10 inches
3.5 inch,6 feet
11.4 gram,10 lbs
31.0 volt,1. 5
13.0 inch,6 inches
15.0 centimetre,10 inches
200.0 watt,2000
25.0 centimetre,10 inches
270.0 millimetre,10 feet
10.0 centimetre,12 inches
248.0 gram,1. 5 lbs
500 gram,100 lbs
80.0 centimetre,8 feet
5.5 centimetre,6 inches
10.0 centimetre,5 feet
250.0 watt,25 mpg
108.0 gram,10 lbs
5.0 gram,5 pounds
35.0 centimetre,10 feet
6.4 centimetre,12 inches
42.0 centimetre,12 inches
46.34 gram,5 pounds
"[110.0, 120.0] volt",2
2.75 inch,12 inches
10.0 gram,5 lbs
76.0 centimetre,10 feet
23.0 inch,10 feet
1 kilogram,10 oz
3.0 pound,100 pounds
17.0 ounce,10 lbs
31.0 centimetre,3 feet
96 gram,10 lbs
30.0 watt,2000
54.0 millimetre,12 inches
33.0 millimetre,6 inches
3.1 inch,12 inches
400 gram,1. 5 lbs
5.57 centimetre,6 inches
7.0 centimetre,10 inches
4.0 gram,10 pounds
400.0 gram,200 lbs
4.8 inch,12 inches
3.0 cubic foot,15
16.0 centimetre,6 inches
3.8 volt,0
175.0 millilitre,1. 5
7.0 centimetre,6 inches
32.5 centimetre,2 feet
70.0 gram,1. 5 tons
54.0 centimetre,6 inches
85.0 gram,6 oz
6.0 gram,10 pounds
10.0 pound,100 pounds
400.0 gram,10 lbs
4.0 inch,6 inches
7.0 inch,6 inches
24.0 cubic foot,kitten kittens kittens kittens kittens kittens kittens kittens kittens kittens
12.0 volt,1. 5
3.5 centimetre,10 feet
9.0 centimetre,12 inches
37.0 centimetre,10 inches
7.87 inch,5 feet
20 gram,20 lbs
22.2 inch,12 inches
250.0 gram,100 pounds
7.5 centimetre,6 inches
60.0 millimetre,12 inches
240.0 centimetre,6 inches
69.3 gram,100 pounds
3.0 inch,it ' s filled with crumbs
65.0 millimetre,6 inches
48.0 gram,10 pounds
100 gram,100 lbs
50.0 millimetre,6 inches
11.3 centimetre,3 feet
"[85.0, 265.0] volt",0
200.0 gram,100 lbs
7.87 inch,10 inches
9.0 inch,6 inches
0.7 ounce,5 lbs
220.0 volt,12 volt
10.0 millilitre,1
1.0 metre,3 feet
3 ounce,10 lbs
16.0 ounce,100 lbs
5.0 volt,100
300.0 milligram,200 lbs
1.1 microgram,10 lbs
13.8 inch,6 feet
6.0 kilogram,10 lbs
5.5 centimetre,6 inches
70.0 centimetre,6 inches
